a,Name,zipcode,year,Value
0,ABERCROMBIE,2795,2015,0.006475695138032058
1,ABERCROMBIE RIVER,2795,2015,0.006475695138032058
2,ABERDEEN,2359,2015,0.006787141582459514
3,AIRDS,2560,2015,0.002929084029597319
4,ALISON,2259,2015,0.0010555695225563956
5,AMBARVALE,2560,2015,0.002929084029597319
6,APPIN,2560,2015,0.002929084029597319
7,APPLEBY,2340,2015,0.018664402366800503
8,APPLETREE FLAT,2330,2015,0.007943511578139807
9,ARKELL,2795,2015,0.006475695138032058
10,ARKSTONE,2795,2015,0.006475695138032058
11,ARNDELL PARK,2148,2015,0.003067284355800647
12,AVON,2574,2015,0.006864343979403672
13,BAERAMI,2333,2015,0.011324603429789816
14,BAERAMI CREEK,2333,2015,0.011324603429789816
15,BAKERS CREEK,2359,2015,0.006787141582459514
16,BALD RIDGE,2795,2015,0.006475695138032058
17,BALLYROE,2795,2015,0.006475695138032058
18,BARGO,2574,2015,0.006864343979403672
19,BARRY,2340,2015,0.018664402366800503
20,BATHAMPTON,2795,2015,0.006475695138032058
21,BATHURST,2795,2015,0.006475695138032058
22,BECTIVE,2340,2015,0.018664402366800503
23,BELIMBLA PARK,2570,2015,0.004019931798889708
24,BENGALLA,2333,2015,0.011324603429789816
25,BERESFIELD,2322,2015,0.0013656145334033482
26,BICKLEY VALE,2570,2015,0.004019931798889708
27,BIG RIDGE,2330,2015,0.007943511578139807
28,BILLYWILLINGA,2795,2015,0.006475695138032058
29,BIRMINGHAM GARDENS,2287,2015,0.004116747713059974
30,BITHRAMERE,2340,2015,0.018664402366800503
31,BLACK HILL,2322,2015,0.0013656145334033482
32,BLACKTOWN,2148,2015,0.003067284355800647
33,BLAIR ATHOL,2560,2015,0.002929084029597319
34,BORAMBIL,2329,2015,0.029787391040092582
35,BOWLING ALLEY POINT,2340,2015,0.018664402366800503
36,BOWMANS CREEK,2330,2015,0.007943511578139807
37,BRADBURY,2560,2015,0.002929084029597319
38,BREWONGLE,2795,2015,0.006475695138032058
39,BRIDGMAN,2330,2015,0.007943511578139807
40,BROKE,2330,2015,0.007943511578139807
41,BROWNLOW HILL,2570,2015,0.004019931798889708
42,BRUINBUN,2795,2015,0.006475695138032058
43,BULGA,2330,2015,0.007943511578139807
44,BUNDARRA,2359,2015,0.006787141582459514
45,BURRAGA,2795,2015,0.006475695138032058
46,BUSHELLS RIDGE,2259,2015,0.0010555695225563956
47,CALALA,2340,2015,0.018664402366800503
48,CALOOLA,2795,2015,0.006475695138032058
49,CAMBERWELL,2330,2015,0.007943511578139807
50,CAMDEN,2570,2015,0.004019931798889708
51,CAMDEN PARK,2570,2015,0.004019931798889708
52,CAMDEN SOUTH,2570,2015,0.004019931798889708
53,CAMERONS CREEK,2359,2015,0.006787141582459514
54,CAMPBELLTOWN,2560,2015,0.002929084029597319
55,CARROLL,2340,2015,0.018664402366800503
56,CARROWBROOK,2330,2015,0.007943511578139807
57,CASSILIS,2329,2015,0.029787391040092582
58,CASTLE ROCK,2333,2015,0.011324603429789816
59,CASULA,2170,2015,0.0017206802190181433
60,CATARACT,2560,2015,0.002929084029597319
61,CAWDOR,2570,2015,0.004019931798889708
62,CEDAR BRUSH CREEK,2259,2015,0.0010555695225563956
63,CHAIN VALLEY BAY,2259,2015,0.0010555695225563956
64,CHARLES STURT UNIVERSITY,2795,2015,0.006475695138032058
65,CHARLTON,2795,2015,0.006475695138032058
66,CHIPPING NORTON,2170,2015,0.0017206802190181433
67,CHISHOLM,2322,2015,0.0013656145334033482
68,CHULLORA,2190,2015,0.0012313763834690952
69,CLEAR CREEK,2795,2015,0.006475695138032058
70,CLEMTON PARK,2206,2015,0.0019229864634370498
71,CLYDESDALE,2330,2015,0.007943511578139807
72,COBBITTY,2570,2015,0.004019931798889708
73,COLO,2795,2015,0.006475695138032058
74,COMBO,2330,2015,0.007943511578139807
75,CONISTON,2500,2015,0.0032141006776780718
76,COPPERHANNIA,2795,2015,0.006475695138032058
77,COW FLAT,2795,2015,0.006475695138032058
78,CRANGAN BAY,2259,2015,0.0010555695225563956
79,CRUDINE,2795,2015,0.006475695138032058
80,CURRAGH,2795,2015,0.006475695138032058
81,DARK CORNER,2795,2015,0.006475695138032058
82,DARLINGTON,2330,2015,0.007943511578139807
83,DARUKA,2340,2015,0.018664402366800503
84,DOG ROCKS,2795,2015,0.006475695138032058
85,DOORALONG,2259,2015,0.0010555695225563956
86,DOYLES CREEK,2330,2015,0.007943511578139807
87,DUNCANS CREEK,2340,2015,0.018664402366800503
88,DUNGOWAN,2340,2015,0.018664402366800503
89,DUNKELD,2795,2015,0.006475695138032058
90,DUNOLLY,2330,2015,0.007943511578139807
91,DURAL,2330,2015,0.007943511578139807
92,DURAMANA,2795,2015,0.006475695138032058
93,DURREN DURREN,2259,2015,0.0010555695225563956
94,DYRRING,2330,2015,0.007943511578139807
95,EARLWOOD,2206,2015,0.0019229864634370498
96,EAST TAMWORTH,2340,2015,0.018664402366800503
97,EDDERTON,2333,2015,0.011324603429789816
98,EGLINTON,2795,2015,0.006475695138032058
99,ELDERSLIE,2570,2015,0.004019931798889708
100,ELERMORE VALE,2287,2015,0.004116747713059974
101,ELLIS LANE,2570,2015,0.004019931798889708
102,ENGLORIE PARK,2560,2015,0.002929084029597319
103,EVANS PLAINS,2795,2015,0.006475695138032058
104,FALBROOK,2330,2015,0.007943511578139807
105,FERN GULLY,2330,2015,0.007943511578139807
106,FITZGERALDS VALLEY,2795,2015,0.006475695138032058
107,FLETCHER,2287,2015,0.004116747713059974
108,FORDWICH,2330,2015,0.007943511578139807
109,FOREST GROVE,2795,2015,0.006475695138032058
110,FOSTERS VALLEY,2795,2015,0.006475695138032058
111,FRAZER PARK,2259,2015,0.0010555695225563956
112,FREEMANS,2259,2015,0.0010555695225563956
113,FREEMANTLE,2795,2015,0.006475695138032058
114,GARLAND VALLEY,2330,2015,0.007943511578139807
115,GAROO,2340,2015,0.018664402366800503
116,GEMALLA,2795,2015,0.006475695138032058
117,GEORGES PLAINS,2795,2015,0.006475695138032058
118,GIDLEY,2340,2015,0.018664402366800503
119,GILEAD,2560,2015,0.002929084029597319
120,GILMANDYKE,2795,2015,0.006475695138032058
121,GLANMIRE,2795,2015,0.006475695138032058
122,GLEN ALPINE,2560,2015,0.002929084029597319
123,GLENDON,2330,2015,0.007943511578139807
124,GLENDON BROOK,2330,2015,0.007943511578139807
125,GLENMORE,2570,2015,0.004019931798889708
126,GLENNIES CREEK,2330,2015,0.007943511578139807
127,GLENRIDDING,2330,2015,0.007943511578139807
128,GOONOO GOONOO,2340,2015,0.018664402366800503
129,GOORANGOOLA,2330,2015,0.007943511578139807
130,GORMANS HILL,2795,2015,0.006475695138032058
131,GOULDSVILLE,2330,2015,0.007943511578139807
132,GOWAN,2795,2015,0.006475695138032058
133,GOWRIE,2340,2015,0.018664402366800503
134,GRASMERE,2570,2015,0.004019931798889708
135,GREENACRE,2190,2015,0.0012313763834690952
136,GREENLANDS,2330,2015,0.007943511578139807
137,GUNGAL,2333,2015,0.011324603429789816
138,GWANDALAN,2259,2015,0.0010555695225563956
139,GWYNNEVILLE,2500,2015,0.0032141006776780718
140,HALLORAN,2259,2015,0.0010555695225563956
141,HALLSVILLE,2340,2015,0.018664402366800503
142,HAMBLEDON HILL,2330,2015,0.007943511578139807
143,HAMLYN TERRACE,2259,2015,0.0010555695225563956
144,HAMMONDVILLE,2170,2015,0.0017206802190181433
145,HANGING ROCK,2340,2015,0.018664402366800503
146,HEBDEN,2330,2015,0.007943511578139807
147,HEXHAM,2322,2015,0.0013656145334033482
148,HILLVUE,2340,2015,0.018664402366800503
149,HOBBYS YARDS,2795,2015,0.006475695138032058
150,HOWES VALLEY,2330,2015,0.007943511578139807
151,HOWICK,2330,2015,0.007943511578139807
152,HUNTERVIEW,2330,2015,0.007943511578139807
153,HUNTINGWOOD,2148,2015,0.003067284355800647
154,ISABELLA,2795,2015,0.006475695138032058
155,JEREMY,2795,2015,0.006475695138032058
156,JERRYS PLAINS,2330,2015,0.007943511578139807
157,JILLIBY,2259,2015,0.0010555695225563956
158,JUDDS CREEK,2795,2015,0.006475695138032058
159,KANWAL,2259,2015,0.0010555695225563956
160,KAYUGA,2333,2015,0.011324603429789816
161,KEEPIT,2340,2015,0.018664402366800503
162,KEIRAVILLE,2500,2015,0.0032141006776780718
163,KELSO,2795,2015,0.006475695138032058
164,KENTLYN,2560,2015,0.002929084029597319
165,KIAR,2259,2015,0.0010555695225563956
166,KILLONGBUTTA,2795,2015,0.006475695138032058
167,KINGFISHER SHORES,2259,2015,0.0010555695225563956
168,KINGS PARK,2148,2015,0.003067284355800647
169,KINGSWOOD,2340,2015,0.018664402366800503
170,KIRKCONNELL,2795,2015,0.006475695138032058
171,KIRKHAM,2570,2015,0.004019931798889708
172,KOORAGANG,2304,2015,0.0029701362782432
173,LAFFING WATERS,2795,2015,0.006475695138032058
174,LAKE MUNMORAH,2259,2015,0.0010555695225563956
175,LEMINGTON,2330,2015,0.007943511578139807
176,LEMON TREE,2259,2015,0.0010555695225563956
177,LENAGHAN,2322,2015,0.0013656145334033482
178,LEUMEAH,2560,2015,0.002929084029597319
179,LIDDELL,2333,2015,0.011324603429789816
180,LIMEKILNS,2795,2015,0.006475695138032058
181,LITTLE JILLIBY,2259,2015,0.0010555695225563956
182,LIVERPOOL,2170,2015,0.0017206802190181433
183,LLANARTH,2795,2015,0.006475695138032058
184,LOCKSLEY,2795,2015,0.006475695138032058
185,LONG POINT,2330,2015,0.007943511578139807
186,LOOMBERAH,2340,2015,0.018664402366800503
187,LURNEA,2170,2015,0.0017206802190181433
188,MAISON DIEU,2330,2015,0.007943511578139807
189,MANGERTON,2500,2015,0.0032141006776780718
190,MANNERING PARK,2259,2015,0.0010555695225563956
191,MANOBALAI,2333,2015,0.011324603429789816
192,MARAYONG,2148,2015,0.003067284355800647
193,MARDI,2259,2015,0.0010555695225563956
194,MARYLAND,2287,2015,0.004116747713059974
195,MAYFIELD,2304,2015,0.0029701362782432
196,MAYFIELD EAST,2304,2015,0.0029701362782432
197,MAYFIELD NORTH,2304,2015,0.0029701362782432
198,MAYFIELD WEST,2304,2015,0.0029701362782432
199,MCCULLYS GAP,2333,2015,0.011324603429789816
200,MCDOUGALLS HILL,2330,2015,0.007943511578139807
201,MEADOW FLAT,2795,2015,0.006475695138032058
202,MERRIWA,2329,2015,0.029787391040092582
203,MIDDLE FALBROOK,2330,2015,0.007943511578139807
204,MILBRODALE,2330,2015,0.007943511578139807
205,MILKERS FLAT,2795,2015,0.006475695138032058
206,MILLAH MURRAH,2795,2015,0.006475695138032058
207,MINMI,2287,2015,0.004116747713059974
208,MIRANNIE,2330,2015,0.007943511578139807
209,MITCHELL,2795,2015,0.006475695138032058
210,MITCHELLS FLAT,2330,2015,0.007943511578139807
211,MOONEE,2259,2015,0.0010555695225563956
212,MOORE CREEK,2340,2015,0.018664402366800503
213,MOOREBANK,2170,2015,0.0017206802190181433
214,MOORILDA,2795,2015,0.006475695138032058
215,MOUNT DAVID,2795,2015,0.006475695138032058
216,MOUNT HUNTER,2570,2015,0.004019931798889708
217,MOUNT KEIRA,2500,2015,0.0032141006776780718
218,MOUNT LEWIS,2190,2015,0.0012313763834690952
219,MOUNT OLIVE,2330,2015,0.007943511578139807
220,MOUNT PANORAMA,2795,2015,0.006475695138032058
221,MOUNT PRITCHARD,2170,2015,0.0017206802190181433
222,MOUNT RANKIN,2795,2015,0.006475695138032058
223,MOUNT ROYAL,2330,2015,0.007943511578139807
224,MOUNT SAINT THOMAS,2500,2015,0.0032141006776780718
225,MOUNT THORLEY,2330,2015,0.007943511578139807
226,MUSCLE CREEK,2333,2015,0.011324603429789816
227,MUSWELLBROOK,2333,2015,0.011324603429789816
228,NAPOLEON REEF,2795,2015,0.006475695138032058
229,NATTAI,2570,2015,0.004019931798889708
230,NEMINGHA,2340,2015,0.018664402366800503
231,NEWBRIDGE,2795,2015,0.006475695138032058
232,NORTH TAMWORTH,2340,2015,0.018664402366800503
233,NORTH WOLLONGONG,2500,2015,0.0032141006776780718
234,NUNDLE,2340,2015,0.018664402366800503
235,O'CONNELL,2795,2015,0.006475695138032058
236,OAKDALE,2570,2015,0.004019931798889708
237,OBANVALE,2330,2015,0.007943511578139807
238,OGUNBIL,2340,2015,0.018664402366800503
239,ORAN PARK,2570,2015,0.004019931798889708
240,ORANGEVILLE,2570,2015,0.004019931798889708
241,ORTON PARK,2795,2015,0.006475695138032058
242,OXLEY VALE,2340,2015,0.018664402366800503
243,PALING YARDS,2795,2015,0.006475695138032058
244,PALMERS OAKY,2795,2015,0.006475695138032058
245,PEEL,2795,2015,0.006475695138032058
246,PERTHVILLE,2795,2015,0.006475695138032058
247,PHEASANTS NEST,2574,2015,0.006864343979403672
248,PIALLAMORE,2340,2015,0.018664402366800503
249,POINT WOLSTONCROFT,2259,2015,0.0010555695225563956
250,PRESTONS,2170,2015,0.0017206802190181433
251,PROSPECT,2148,2015,0.003067284355800647
252,PUTTY,2330,2015,0.007943511578139807
253,RAGLAN,2795,2015,0.006475695138032058
254,RANKIN PARK,2287,2015,0.004116747713059974
255,RAVENSDALE,2259,2015,0.0010555695225563956
256,RAVENSWORTH,2330,2015,0.007943511578139807
257,REDBOURNBERRY,2330,2015,0.007943511578139807
258,REEDY CREEK,2330,2015,0.007943511578139807
259,RIXS CREEK,2330,2015,0.007943511578139807
260,ROBIN HILL,2795,2015,0.006475695138032058
261,ROCK FOREST,2795,2015,0.006475695138032058
262,ROCKLEY,2795,2015,0.006475695138032058
263,ROCKLEY MOUNT,2795,2015,0.006475695138032058
264,ROCKY POINT,2259,2015,0.0010555695225563956
265,ROSEMEADOW,2560,2015,0.002929084029597319
266,ROUGHIT,2330,2015,0.007943511578139807
267,ROZELLE,2039,2015,0.0012485056109227846
268,RUSE,2560,2015,0.002929084029597319
269,SANDGATE,2304,2015,0.0029701362782432
270,SANDY HOLLOW,2333,2015,0.011324603429789816
271,SCOTTS FLAT,2330,2015,0.007943511578139807
272,SEDGEFIELD,2330,2015,0.007943511578139807
273,SINGLETON,2330,2015,0.007943511578139807
274,SINGLETON HEIGHTS,2330,2015,0.007943511578139807
275,SOFALA,2795,2015,0.006475695138032058
276,SOMERTON,2340,2015,0.018664402366800503
277,SOUTH BATHURST,2795,2015,0.006475695138032058
278,SOUTH TAMWORTH,2340,2015,0.018664402366800503
279,SPRING FARM,2570,2015,0.004019931798889708
280,SPRING HILL,2500,2015,0.0032141006776780718
281,ST CLAIR,2330,2015,0.007943511578139807
282,ST HELENS PARK,2560,2015,0.002929084029597319
283,STEWARTS MOUNT,2795,2015,0.006475695138032058
284,STOCKRINGTON,2322,2015,0.0013656145334033482
285,SUMMERLAND POINT,2259,2015,0.0010555695225563956
286,SUNNY CORNER,2795,2015,0.006475695138032058
287,TACOMA,2259,2015,0.0010555695225563956
288,TACOMA SOUTH,2259,2015,0.0010555695225563956
289,TAMINDA,2340,2015,0.018664402366800503
290,TAMWORTH,2340,2015,0.018664402366800503
291,TAMWORTH SOUTH,2340,2015,0.018664402366800503
292,TANNAS MOUNT,2795,2015,0.006475695138032058
293,TARRO,2322,2015,0.0013656145334033482
294,THE LAGOON,2795,2015,0.006475695138032058
295,THE OAKS,2570,2015,0.004019931798889708
296,THE ROCKS,2795,2015,0.006475695138032058
297,THERESA PARK,2570,2015,0.004019931798889708
298,THORNTON,2322,2015,0.0013656145334033482
299,TIMBUMBURI,2340,2015,0.018664402366800503
300,TOMAGO,2322,2015,0.0013656145334033482
301,TRIANGLE FLAT,2795,2015,0.006475695138032058
302,TRUNKEY CREEK,2795,2015,0.006475695138032058
303,TUGGERAH,2259,2015,0.0010555695225563956
304,TUGGERAWONG,2259,2015,0.0010555695225563956
305,TURONDALE,2795,2015,0.006475695138032058
306,TWENTY FORESTS,2795,2015,0.006475695138032058
307,UARBRY,2329,2015,0.029787391040092582
308,UNDERCLIFFE,2206,2015,0.0019229864634370498
309,UPPER TURON,2795,2015,0.006475695138032058
310,WADALBA,2259,2015,0.0010555695225563956
311,WALANG,2795,2015,0.006475695138032058
312,WALLAMORE,2340,2015,0.018664402366800503
313,WALLARAH,2259,2015,0.0010555695225563956
314,WALLSEND,2287,2015,0.004116747713059974
315,WALLSEND SOUTH,2287,2015,0.004116747713059974
316,WAMBOOL,2795,2015,0.006475695138032058
317,WARABROOK,2304,2015,0.0029701362782432
318,WARKWORTH,2330,2015,0.007943511578139807
319,WARNERVALE,2259,2015,0.0010555695225563956
320,WARRAL,2340,2015,0.018664402366800503
321,WARWICK FARM,2170,2015,0.0017206802190181433
322,WATANOBBI,2259,2015,0.0010555695225563956
323,WATTLE FLAT,2795,2015,0.006475695138032058
324,WATTLE PONDS,2330,2015,0.007943511578139807
325,WATTON,2795,2015,0.006475695138032058
326,WEABONGA,2340,2015,0.018664402366800503
327,WEDDERBURN,2560,2015,0.002929084029597319
328,WEROMBI,2570,2015,0.004019931798889708
329,WEST BATHURST,2795,2015,0.006475695138032058
330,WEST TAMWORTH,2340,2015,0.018664402366800503
331,WEST WOLLONGONG,2500,2015,0.0032141006776780718
332,WESTBROOK,2330,2015,0.007943511578139807
333,WESTDALE,2340,2015,0.018664402366800503
334,WHITE ROCK,2795,2015,0.006475695138032058
335,WHITTINGHAM,2330,2015,0.007943511578139807
336,WIAGDON,2795,2015,0.006475695138032058
337,WIMBLEDON,2795,2015,0.006475695138032058
338,WINBURNDALE,2795,2015,0.006475695138032058
339,WINDRADYNE,2795,2015,0.006475695138032058
340,WISEMANS CREEK,2795,2015,0.006475695138032058
341,WOLLEMI,2330,2015,0.007943511578139807
342,WOLLONGONG,2500,2015,0.0032141006776780718
343,WOODBERRY,2322,2015,0.0013656145334033482
344,WOODBINE,2560,2015,0.002929084029597319
345,WOOLOMIN,2340,2015,0.018664402366800503
346,WOONGARRAH,2259,2015,0.0010555695225563956
347,WYBONG,2333,2015,0.011324603429789816
348,WYBUNG,2259,2015,0.0010555695225563956
349,WYEE,2259,2015,0.0010555695225563956
350,WYEE POINT,2259,2015,0.0010555695225563956
351,WYLIES FLAT,2330,2015,0.007943511578139807
352,WYONG,2259,2015,0.0010555695225563956
353,WYONG CREEK,2259,2015,0.0010555695225563956
354,WYONGAH,2259,2015,0.0010555695225563956
355,YANDERRA,2574,2015,0.006864343979403672
356,YARRAMALONG,2259,2015,0.0010555695225563956
357,YARRAS,2795,2015,0.006475695138032058
358,YETHOLME,2795,2015,0.006475695138032058
359,ABERCROMBIE,2795,2016,0.007082766125822788
360,ABERCROMBIE RIVER,2795,2016,0.007082766125822788
361,ABERDEEN,2359,2016,0.006949244147504228
362,AIRDS,2560,2016,0.0031767067621678827
363,ALISON,2259,2016,0.0011139884465146692
364,AMBARVALE,2560,2016,0.0031767067621678827
365,APPIN,2560,2016,0.0031767067621678827
366,APPLEBY,2340,2016,0.022578855600878283
367,APPLETREE FLAT,2330,2016,0.00840477599807136
368,ARKELL,2795,2016,0.007082766125822788
369,ARKSTONE,2795,2016,0.007082766125822788
370,ARNDELL PARK,2148,2016,0.003507360426783508
371,AVON,2574,2016,0.0071139551204254135
372,BAERAMI,2333,2016,0.011245169754503202
373,BAERAMI CREEK,2333,2016,0.011245169754503202
374,BAKERS CREEK,2359,2016,0.006949244147504228
375,BALD RIDGE,2795,2016,0.007082766125822788
376,BALLYROE,2795,2016,0.007082766125822788
377,BARGO,2574,2016,0.0071139551204254135
378,BARRY,2340,2016,0.022578855600878283
379,BATHAMPTON,2795,2016,0.007082766125822788
380,BATHURST,2795,2016,0.007082766125822788
381,BECTIVE,2340,2016,0.022578855600878283
382,BELIMBLA PARK,2570,2016,0.004281974329989149
383,BENGALLA,2333,2016,0.011245169754503202
384,BERESFIELD,2322,2016,0.0013660353276461494
385,BICKLEY VALE,2570,2016,0.004281974329989149
386,BIG RIDGE,2330,2016,0.00840477599807136
387,BILLYWILLINGA,2795,2016,0.007082766125822788
388,BIRMINGHAM GARDENS,2287,2016,0.004170949086502324
389,BITHRAMERE,2340,2016,0.022578855600878283
390,BLACK HILL,2322,2016,0.0013660353276461494
391,BLACKTOWN,2148,2016,0.003507360426783508
392,BLAIR ATHOL,2560,2016,0.0031767067621678827
393,BORAMBIL,2329,2016,0.030566417564592746
394,BOWLING ALLEY POINT,2340,2016,0.022578855600878283
395,BOWMANS CREEK,2330,2016,0.00840477599807136
396,BRADBURY,2560,2016,0.0031767067621678827
397,BREWONGLE,2795,2016,0.007082766125822788
398,BRIDGMAN,2330,2016,0.00840477599807136
399,BROKE,2330,2016,0.00840477599807136
400,BROWNLOW HILL,2570,2016,0.004281974329989149
401,BRUINBUN,2795,2016,0.007082766125822788
402,BULGA,2330,2016,0.00840477599807136
403,BUNDARRA,2359,2016,0.006949244147504228
404,BURRAGA,2795,2016,0.007082766125822788
405,BUSHELLS RIDGE,2259,2016,0.0011139884465146692
406,CALALA,2340,2016,0.022578855600878283
407,CALOOLA,2795,2016,0.007082766125822788
408,CAMBERWELL,2330,2016,0.00840477599807136
409,CAMDEN,2570,2016,0.004281974329989149
410,CAMDEN PARK,2570,2016,0.004281974329989149
411,CAMDEN SOUTH,2570,2016,0.004281974329989149
412,CAMERONS CREEK,2359,2016,0.006949244147504228
413,CAMPBELLTOWN,2560,2016,0.0031767067621678827
414,CARROLL,2340,2016,0.022578855600878283
415,CARROWBROOK,2330,2016,0.00840477599807136
416,CASSILIS,2329,2016,0.030566417564592746
417,CASTLE ROCK,2333,2016,0.011245169754503202
418,CASULA,2170,2016,0.001845555231966533
419,CATARACT,2560,2016,0.0031767067621678827
420,CAWDOR,2570,2016,0.004281974329989149
421,CEDAR BRUSH CREEK,2259,2016,0.0011139884465146692
422,CHAIN VALLEY BAY,2259,2016,0.0011139884465146692
423,CHARLES STURT UNIVERSITY,2795,2016,0.007082766125822788
424,CHARLTON,2795,2016,0.007082766125822788
425,CHIPPING NORTON,2170,2016,0.001845555231966533
426,CHISHOLM,2322,2016,0.0013660353276461494
427,CHULLORA,2190,2016,0.0014046412487197517
428,CLEAR CREEK,2795,2016,0.007082766125822788
429,CLEMTON PARK,2206,2016,0.00202351752993796
430,CLYDESDALE,2330,2016,0.00840477599807136
431,COBBITTY,2570,2016,0.004281974329989149
432,COLO,2795,2016,0.007082766125822788
433,COMBO,2330,2016,0.00840477599807136
434,CONISTON,2500,2016,0.0034439309472986137
435,COPPERHANNIA,2795,2016,0.007082766125822788
436,COW FLAT,2795,2016,0.007082766125822788
437,CRANGAN BAY,2259,2016,0.0011139884465146692
438,CRUDINE,2795,2016,0.007082766125822788
439,CURRAGH,2795,2016,0.007082766125822788
440,DARK CORNER,2795,2016,0.007082766125822788
441,DARLINGTON,2330,2016,0.00840477599807136
442,DARUKA,2340,2016,0.022578855600878283
443,DOG ROCKS,2795,2016,0.007082766125822788
444,DOORALONG,2259,2016,0.0011139884465146692
445,DOYLES CREEK,2330,2016,0.00840477599807136
446,DUNCANS CREEK,2340,2016,0.022578855600878283
447,DUNGOWAN,2340,2016,0.022578855600878283
448,DUNKELD,2795,2016,0.007082766125822788
449,DUNOLLY,2330,2016,0.00840477599807136
450,DURAL,2330,2016,0.00840477599807136
451,DURAMANA,2795,2016,0.007082766125822788
452,DURREN DURREN,2259,2016,0.0011139884465146692
453,DYRRING,2330,2016,0.00840477599807136
454,EARLWOOD,2206,2016,0.00202351752993796
455,EAST TAMWORTH,2340,2016,0.022578855600878283
456,EDDERTON,2333,2016,0.011245169754503202
457,EGLINTON,2795,2016,0.007082766125822788
458,ELDERSLIE,2570,2016,0.004281974329989149
459,ELERMORE VALE,2287,2016,0.004170949086502324
460,ELLIS LANE,2570,2016,0.004281974329989149
461,ENGLORIE PARK,2560,2016,0.0031767067621678827
462,EVANS PLAINS,2795,2016,0.007082766125822788
463,FALBROOK,2330,2016,0.00840477599807136
464,FERN GULLY,2330,2016,0.00840477599807136
465,FITZGERALDS VALLEY,2795,2016,0.007082766125822788
466,FLETCHER,2287,2016,0.004170949086502324
467,FORDWICH,2330,2016,0.00840477599807136
468,FOREST GROVE,2795,2016,0.007082766125822788
469,FOSTERS VALLEY,2795,2016,0.007082766125822788
470,FRAZER PARK,2259,2016,0.0011139884465146692
471,FREEMANS,2259,2016,0.0011139884465146692
472,FREEMANTLE,2795,2016,0.007082766125822788
473,GARLAND VALLEY,2330,2016,0.00840477599807136
474,GAROO,2340,2016,0.022578855600878283
475,GEMALLA,2795,2016,0.007082766125822788
476,GEORGES PLAINS,2795,2016,0.007082766125822788
477,GIDLEY,2340,2016,0.022578855600878283
478,GILEAD,2560,2016,0.0031767067621678827
479,GILMANDYKE,2795,2016,0.007082766125822788
480,GLANMIRE,2795,2016,0.007082766125822788
481,GLEN ALPINE,2560,2016,0.0031767067621678827
482,GLENDON,2330,2016,0.00840477599807136
483,GLENDON BROOK,2330,2016,0.00840477599807136
484,GLENMORE,2570,2016,0.004281974329989149
485,GLENNIES CREEK,2330,2016,0.00840477599807136
486,GLENRIDDING,2330,2016,0.00840477599807136
487,GOONOO GOONOO,2340,2016,0.022578855600878283
488,GOORANGOOLA,2330,2016,0.00840477599807136
489,GORMANS HILL,2795,2016,0.007082766125822788
490,GOULDSVILLE,2330,2016,0.00840477599807136
491,GOWAN,2795,2016,0.007082766125822788
492,GOWRIE,2340,2016,0.022578855600878283
493,GRASMERE,2570,2016,0.004281974329989149
494,GREENACRE,2190,2016,0.0014046412487197517
495,GREENLANDS,2330,2016,0.00840477599807136
496,GUNGAL,2333,2016,0.011245169754503202
497,GWANDALAN,2259,2016,0.0011139884465146692
498,GWYNNEVILLE,2500,2016,0.0034439309472986137
499,HALLORAN,2259,2016,0.0011139884465146692
500,HALLSVILLE,2340,2016,0.022578855600878283
501,HAMBLEDON HILL,2330,2016,0.00840477599807136
502,HAMLYN TERRACE,2259,2016,0.0011139884465146692
503,HAMMONDVILLE,2170,2016,0.001845555231966533
504,HANGING ROCK,2340,2016,0.022578855600878283
505,HEBDEN,2330,2016,0.00840477599807136
506,HEXHAM,2322,2016,0.0013660353276461494
507,HILLVUE,2340,2016,0.022578855600878283
508,HOBBYS YARDS,2795,2016,0.007082766125822788
509,HOWES VALLEY,2330,2016,0.00840477599807136
510,HOWICK,2330,2016,0.00840477599807136
511,HUNTERVIEW,2330,2016,0.00840477599807136
512,HUNTINGWOOD,2148,2016,0.003507360426783508
513,ISABELLA,2795,2016,0.007082766125822788
514,JEREMY,2795,2016,0.007082766125822788
515,JERRYS PLAINS,2330,2016,0.00840477599807136
516,JILLIBY,2259,2016,0.0011139884465146692
517,JUDDS CREEK,2795,2016,0.007082766125822788
518,KANWAL,2259,2016,0.0011139884465146692
519,KAYUGA,2333,2016,0.011245169754503202
520,KEEPIT,2340,2016,0.022578855600878283
521,KEIRAVILLE,2500,2016,0.0034439309472986137
522,KELSO,2795,2016,0.007082766125822788
523,KENTLYN,2560,2016,0.0031767067621678827
524,KIAR,2259,2016,0.0011139884465146692
525,KILLONGBUTTA,2795,2016,0.007082766125822788
526,KINGFISHER SHORES,2259,2016,0.0011139884465146692
527,KINGS PARK,2148,2016,0.003507360426783508
528,KINGSWOOD,2340,2016,0.022578855600878283
529,KIRKCONNELL,2795,2016,0.007082766125822788
530,KIRKHAM,2570,2016,0.004281974329989149
531,KOORAGANG,2304,2016,0.003072848856154981
532,LAFFING WATERS,2795,2016,0.007082766125822788
533,LAKE MUNMORAH,2259,2016,0.0011139884465146692
534,LEMINGTON,2330,2016,0.00840477599807136
535,LEMON TREE,2259,2016,0.0011139884465146692
536,LENAGHAN,2322,2016,0.0013660353276461494
537,LEUMEAH,2560,2016,0.0031767067621678827
538,LIDDELL,2333,2016,0.011245169754503202
539,LIMEKILNS,2795,2016,0.007082766125822788
540,LITTLE JILLIBY,2259,2016,0.0011139884465146692
541,LIVERPOOL,2170,2016,0.001845555231966533
542,LLANARTH,2795,2016,0.007082766125822788
543,LOCKSLEY,2795,2016,0.007082766125822788
544,LONG POINT,2330,2016,0.00840477599807136
545,LOOMBERAH,2340,2016,0.022578855600878283
546,LURNEA,2170,2016,0.001845555231966533
547,MAISON DIEU,2330,2016,0.00840477599807136
548,MANGERTON,2500,2016,0.0034439309472986137
549,MANNERING PARK,2259,2016,0.0011139884465146692
550,MANOBALAI,2333,2016,0.011245169754503202
551,MARAYONG,2148,2016,0.003507360426783508
552,MARDI,2259,2016,0.0011139884465146692
553,MARYLAND,2287,2016,0.004170949086502324
554,MAYFIELD,2304,2016,0.003072848856154981
555,MAYFIELD EAST,2304,2016,0.003072848856154981
556,MAYFIELD NORTH,2304,2016,0.003072848856154981
557,MAYFIELD WEST,2304,2016,0.003072848856154981
558,MCCULLYS GAP,2333,2016,0.011245169754503202
559,MCDOUGALLS HILL,2330,2016,0.00840477599807136
560,MEADOW FLAT,2795,2016,0.007082766125822788
561,MERRIWA,2329,2016,0.030566417564592746
562,MIDDLE FALBROOK,2330,2016,0.00840477599807136
563,MILBRODALE,2330,2016,0.00840477599807136
564,MILKERS FLAT,2795,2016,0.007082766125822788
565,MILLAH MURRAH,2795,2016,0.007082766125822788
566,MINMI,2287,2016,0.004170949086502324
567,MIRANNIE,2330,2016,0.00840477599807136
568,MITCHELL,2795,2016,0.007082766125822788
569,MITCHELLS FLAT,2330,2016,0.00840477599807136
570,MOONEE,2259,2016,0.0011139884465146692
571,MOORE CREEK,2340,2016,0.022578855600878283
572,MOOREBANK,2170,2016,0.001845555231966533
573,MOORILDA,2795,2016,0.007082766125822788
574,MOUNT DAVID,2795,2016,0.007082766125822788
575,MOUNT HUNTER,2570,2016,0.004281974329989149
576,MOUNT KEIRA,2500,2016,0.0034439309472986137
577,MOUNT LEWIS,2190,2016,0.0014046412487197517
578,MOUNT OLIVE,2330,2016,0.00840477599807136
579,MOUNT PANORAMA,2795,2016,0.007082766125822788
580,MOUNT PRITCHARD,2170,2016,0.001845555231966533
581,MOUNT RANKIN,2795,2016,0.007082766125822788
582,MOUNT ROYAL,2330,2016,0.00840477599807136
583,MOUNT SAINT THOMAS,2500,2016,0.0034439309472986137
584,MOUNT THORLEY,2330,2016,0.00840477599807136
585,MUSCLE CREEK,2333,2016,0.011245169754503202
586,MUSWELLBROOK,2333,2016,0.011245169754503202
587,NAPOLEON REEF,2795,2016,0.007082766125822788
588,NATTAI,2570,2016,0.004281974329989149
589,NEMINGHA,2340,2016,0.022578855600878283
590,NEWBRIDGE,2795,2016,0.007082766125822788
591,NORTH TAMWORTH,2340,2016,0.022578855600878283
592,NORTH WOLLONGONG,2500,2016,0.0034439309472986137
593,NUNDLE,2340,2016,0.022578855600878283
594,O'CONNELL,2795,2016,0.007082766125822788
595,OAKDALE,2570,2016,0.004281974329989149
596,OBANVALE,2330,2016,0.00840477599807136
597,OGUNBIL,2340,2016,0.022578855600878283
598,ORAN PARK,2570,2016,0.004281974329989149
599,ORANGEVILLE,2570,2016,0.004281974329989149
600,ORTON PARK,2795,2016,0.007082766125822788
601,OXLEY VALE,2340,2016,0.022578855600878283
602,PALING YARDS,2795,2016,0.007082766125822788
603,PALMERS OAKY,2795,2016,0.007082766125822788
604,PEEL,2795,2016,0.007082766125822788
605,PERTHVILLE,2795,2016,0.007082766125822788
606,PHEASANTS NEST,2574,2016,0.0071139551204254135
607,PIALLAMORE,2340,2016,0.022578855600878283
608,POINT WOLSTONCROFT,2259,2016,0.0011139884465146692
609,PRESTONS,2170,2016,0.001845555231966533
610,PROSPECT,2148,2016,0.003507360426783508
611,PUTTY,2330,2016,0.00840477599807136
612,RAGLAN,2795,2016,0.007082766125822788
613,RANKIN PARK,2287,2016,0.004170949086502324
614,RAVENSDALE,2259,2016,0.0011139884465146692
615,RAVENSWORTH,2330,2016,0.00840477599807136
616,REDBOURNBERRY,2330,2016,0.00840477599807136
617,REEDY CREEK,2330,2016,0.00840477599807136
618,RIXS CREEK,2330,2016,0.00840477599807136
619,ROBIN HILL,2795,2016,0.007082766125822788
620,ROCK FOREST,2795,2016,0.007082766125822788
621,ROCKLEY,2795,2016,0.007082766125822788
622,ROCKLEY MOUNT,2795,2016,0.007082766125822788
623,ROCKY POINT,2259,2016,0.0011139884465146692
624,ROSEMEADOW,2560,2016,0.0031767067621678827
625,ROUGHIT,2330,2016,0.00840477599807136
626,ROZELLE,2039,2016,0.0015803194141369098
627,RUSE,2560,2016,0.0031767067621678827
628,SANDGATE,2304,2016,0.003072848856154981
629,SANDY HOLLOW,2333,2016,0.011245169754503202
630,SCOTTS FLAT,2330,2016,0.00840477599807136
631,SEDGEFIELD,2330,2016,0.00840477599807136
632,SINGLETON,2330,2016,0.00840477599807136
633,SINGLETON HEIGHTS,2330,2016,0.00840477599807136
634,SOFALA,2795,2016,0.007082766125822788
635,SOMERTON,2340,2016,0.022578855600878283
636,SOUTH BATHURST,2795,2016,0.007082766125822788
637,SOUTH TAMWORTH,2340,2016,0.022578855600878283
638,SPRING FARM,2570,2016,0.004281974329989149
639,SPRING HILL,2500,2016,0.0034439309472986137
640,ST CLAIR,2330,2016,0.00840477599807136
641,ST HELENS PARK,2560,2016,0.0031767067621678827
642,STEWARTS MOUNT,2795,2016,0.007082766125822788
643,STOCKRINGTON,2322,2016,0.0013660353276461494
644,SUMMERLAND POINT,2259,2016,0.0011139884465146692
645,SUNNY CORNER,2795,2016,0.007082766125822788
646,TACOMA,2259,2016,0.0011139884465146692
647,TACOMA SOUTH,2259,2016,0.0011139884465146692
648,TAMINDA,2340,2016,0.022578855600878283
649,TAMWORTH,2340,2016,0.022578855600878283
650,TAMWORTH SOUTH,2340,2016,0.022578855600878283
651,TANNAS MOUNT,2795,2016,0.007082766125822788
652,TARRO,2322,2016,0.0013660353276461494
653,THE LAGOON,2795,2016,0.007082766125822788
654,THE OAKS,2570,2016,0.004281974329989149
655,THE ROCKS,2795,2016,0.007082766125822788
656,THERESA PARK,2570,2016,0.004281974329989149
657,THORNTON,2322,2016,0.0013660353276461494
658,TIMBUMBURI,2340,2016,0.022578855600878283
659,TOMAGO,2322,2016,0.0013660353276461494
660,TRIANGLE FLAT,2795,2016,0.007082766125822788
661,TRUNKEY CREEK,2795,2016,0.007082766125822788
662,TUGGERAH,2259,2016,0.0011139884465146692
663,TUGGERAWONG,2259,2016,0.0011139884465146692
664,TURONDALE,2795,2016,0.007082766125822788
665,TWENTY FORESTS,2795,2016,0.007082766125822788
666,UARBRY,2329,2016,0.030566417564592746
667,UNDERCLIFFE,2206,2016,0.00202351752993796
668,UPPER TURON,2795,2016,0.007082766125822788
669,WADALBA,2259,2016,0.0011139884465146692
670,WALANG,2795,2016,0.007082766125822788
671,WALLAMORE,2340,2016,0.022578855600878283
672,WALLARAH,2259,2016,0.0011139884465146692
673,WALLSEND,2287,2016,0.004170949086502324
674,WALLSEND SOUTH,2287,2016,0.004170949086502324
675,WAMBOOL,2795,2016,0.007082766125822788
676,WARABROOK,2304,2016,0.003072848856154981
677,WARKWORTH,2330,2016,0.00840477599807136
678,WARNERVALE,2259,2016,0.0011139884465146692
679,WARRAL,2340,2016,0.022578855600878283
680,WARWICK FARM,2170,2016,0.001845555231966533
681,WATANOBBI,2259,2016,0.0011139884465146692
682,WATTLE FLAT,2795,2016,0.007082766125822788
683,WATTLE PONDS,2330,2016,0.00840477599807136
684,WATTON,2795,2016,0.007082766125822788
685,WEABONGA,2340,2016,0.022578855600878283
686,WEDDERBURN,2560,2016,0.0031767067621678827
687,WEROMBI,2570,2016,0.004281974329989149
688,WEST BATHURST,2795,2016,0.007082766125822788
689,WEST TAMWORTH,2340,2016,0.022578855600878283
690,WEST WOLLONGONG,2500,2016,0.0034439309472986137
691,WESTBROOK,2330,2016,0.00840477599807136
692,WESTDALE,2340,2016,0.022578855600878283
693,WHITE ROCK,2795,2016,0.007082766125822788
694,WHITTINGHAM,2330,2016,0.00840477599807136
695,WIAGDON,2795,2016,0.007082766125822788
696,WIMBLEDON,2795,2016,0.007082766125822788
697,WINBURNDALE,2795,2016,0.007082766125822788
698,WINDRADYNE,2795,2016,0.007082766125822788
699,WISEMANS CREEK,2795,2016,0.007082766125822788
700,WOLLEMI,2330,2016,0.00840477599807136
701,WOLLONGONG,2500,2016,0.0034439309472986137
702,WOODBERRY,2322,2016,0.0013660353276461494
703,WOODBINE,2560,2016,0.0031767067621678827
704,WOOLOMIN,2340,2016,0.022578855600878283
705,WOONGARRAH,2259,2016,0.0011139884465146692
706,WYBONG,2333,2016,0.011245169754503202
707,WYBUNG,2259,2016,0.0011139884465146692
708,WYEE,2259,2016,0.0011139884465146692
709,WYEE POINT,2259,2016,0.0011139884465146692
710,WYLIES FLAT,2330,2016,0.00840477599807136
711,WYONG,2259,2016,0.0011139884465146692
712,WYONG CREEK,2259,2016,0.0011139884465146692
713,WYONGAH,2259,2016,0.0011139884465146692
714,YANDERRA,2574,2016,0.0071139551204254135
715,YARRAMALONG,2259,2016,0.0011139884465146692
716,YARRAS,2795,2016,0.007082766125822788
717,YETHOLME,2795,2016,0.007082766125822788
718,ABERCROMBIE,2795,2017,0.007295566297840523
719,ABERCROMBIE RIVER,2795,2017,0.007295566297840523
720,ABERDEEN,2359,2017,0.007846858478867619
721,AIRDS,2560,2017,0.0030650514511660785
722,ALISON,2259,2017,0.0011767346981735559
723,AMBARVALE,2560,2017,0.0030650514511660785
724,APPIN,2560,2017,0.0030650514511660785
725,APPLEBY,2340,2017,0.023481717400039195
726,APPLETREE FLAT,2330,2017,0.009215355142930069
727,ARKELL,2795,2017,0.007295566297840523
728,ARKSTONE,2795,2017,0.007295566297840523
729,ARNDELL PARK,2148,2017,0.003033654459214539
730,AVON,2574,2017,0.007157427717927403
731,BAERAMI,2333,2017,0.012521036812772527
732,BAERAMI CREEK,2333,2017,0.012521036812772527
733,BAKERS CREEK,2359,2017,0.007846858478867619
734,BALD RIDGE,2795,2017,0.007295566297840523
735,BALLYROE,2795,2017,0.007295566297840523
736,BARGO,2574,2017,0.007157427717927403
737,BARRY,2340,2017,0.023481717400039195
738,BATHAMPTON,2795,2017,0.007295566297840523
739,BATHURST,2795,2017,0.007295566297840523
740,BECTIVE,2340,2017,0.023481717400039195
741,BELIMBLA PARK,2570,2017,0.0044404447160803495
742,BENGALLA,2333,2017,0.012521036812772527
743,BERESFIELD,2322,2017,0.0013731110743158581
744,BICKLEY VALE,2570,2017,0.0044404447160803495
745,BIG RIDGE,2330,2017,0.009215355142930069
746,BILLYWILLINGA,2795,2017,0.007295566297840523
747,BIRMINGHAM GARDENS,2287,2017,0.004231542131341177
748,BITHRAMERE,2340,2017,0.023481717400039195
749,BLACK HILL,2322,2017,0.0013731110743158581
750,BLACKTOWN,2148,2017,0.003033654459214539
751,BLAIR ATHOL,2560,2017,0.0030650514511660785
752,BORAMBIL,2329,2017,0.032207687470953275
753,BOWLING ALLEY POINT,2340,2017,0.023481717400039195
754,BOWMANS CREEK,2330,2017,0.009215355142930069
755,BRADBURY,2560,2017,0.0030650514511660785
756,BREWONGLE,2795,2017,0.007295566297840523
757,BRIDGMAN,2330,2017,0.009215355142930069
758,BROKE,2330,2017,0.009215355142930069
759,BROWNLOW HILL,2570,2017,0.0044404447160803495
760,BRUINBUN,2795,2017,0.007295566297840523
761,BULGA,2330,2017,0.009215355142930069
762,BUNDARRA,2359,2017,0.007846858478867619
763,BURRAGA,2795,2017,0.007295566297840523
764,BUSHELLS RIDGE,2259,2017,0.0011767346981735559
765,CALALA,2340,2017,0.023481717400039195
766,CALOOLA,2795,2017,0.007295566297840523
767,CAMBERWELL,2330,2017,0.009215355142930069
768,CAMDEN,2570,2017,0.0044404447160803495
769,CAMDEN PARK,2570,2017,0.0044404447160803495
770,CAMDEN SOUTH,2570,2017,0.0044404447160803495
771,CAMERONS CREEK,2359,2017,0.007846858478867619
772,CAMPBELLTOWN,2560,2017,0.0030650514511660785
773,CARROLL,2340,2017,0.023481717400039195
774,CARROWBROOK,2330,2017,0.009215355142930069
775,CASSILIS,2329,2017,0.032207687470953275
776,CASTLE ROCK,2333,2017,0.012521036812772527
777,CASULA,2170,2017,0.0018556667769877818
778,CATARACT,2560,2017,0.0030650514511660785
779,CAWDOR,2570,2017,0.0044404447160803495
780,CEDAR BRUSH CREEK,2259,2017,0.0011767346981735559
781,CHAIN VALLEY BAY,2259,2017,0.0011767346981735559
782,CHARLES STURT UNIVERSITY,2795,2017,0.007295566297840523
783,CHARLTON,2795,2017,0.007295566297840523
784,CHIPPING NORTON,2170,2017,0.0018556667769877818
785,CHISHOLM,2322,2017,0.0013731110743158581
786,CHULLORA,2190,2017,0.0016656108286380775
787,CLEAR CREEK,2795,2017,0.007295566297840523
788,CLEMTON PARK,2206,2017,0.0019590365303391753
789,CLYDESDALE,2330,2017,0.009215355142930069
790,COBBITTY,2570,2017,0.0044404447160803495
791,COLO,2795,2017,0.007295566297840523
792,COMBO,2330,2017,0.009215355142930069
793,CONISTON,2500,2017,0.0034531117807145863
794,COPPERHANNIA,2795,2017,0.007295566297840523
795,COW FLAT,2795,2017,0.007295566297840523
796,CRANGAN BAY,2259,2017,0.0011767346981735559
797,CRUDINE,2795,2017,0.007295566297840523
798,CURRAGH,2795,2017,0.007295566297840523
799,DARK CORNER,2795,2017,0.007295566297840523
800,DARLINGTON,2330,2017,0.009215355142930069
801,DARUKA,2340,2017,0.023481717400039195
802,DOG ROCKS,2795,2017,0.007295566297840523
803,DOORALONG,2259,2017,0.0011767346981735559
804,DOYLES CREEK,2330,2017,0.009215355142930069
805,DUNCANS CREEK,2340,2017,0.023481717400039195
806,DUNGOWAN,2340,2017,0.023481717400039195
807,DUNKELD,2795,2017,0.007295566297840523
808,DUNOLLY,2330,2017,0.009215355142930069
809,DURAL,2330,2017,0.009215355142930069
810,DURAMANA,2795,2017,0.007295566297840523
811,DURREN DURREN,2259,2017,0.0011767346981735559
812,DYRRING,2330,2017,0.009215355142930069
813,EARLWOOD,2206,2017,0.0019590365303391753
814,EAST TAMWORTH,2340,2017,0.023481717400039195
815,EDDERTON,2333,2017,0.012521036812772527
816,EGLINTON,2795,2017,0.007295566297840523
817,ELDERSLIE,2570,2017,0.0044404447160803495
818,ELERMORE VALE,2287,2017,0.004231542131341177
819,ELLIS LANE,2570,2017,0.0044404447160803495
820,ENGLORIE PARK,2560,2017,0.0030650514511660785
821,EVANS PLAINS,2795,2017,0.007295566297840523
822,FALBROOK,2330,2017,0.009215355142930069
823,FERN GULLY,2330,2017,0.009215355142930069
824,FITZGERALDS VALLEY,2795,2017,0.007295566297840523
825,FLETCHER,2287,2017,0.004231542131341177
826,FORDWICH,2330,2017,0.009215355142930069
827,FOREST GROVE,2795,2017,0.007295566297840523
828,FOSTERS VALLEY,2795,2017,0.007295566297840523
829,FRAZER PARK,2259,2017,0.0011767346981735559
830,FREEMANS,2259,2017,0.0011767346981735559
831,FREEMANTLE,2795,2017,0.007295566297840523
832,GARLAND VALLEY,2330,2017,0.009215355142930069
833,GAROO,2340,2017,0.023481717400039195
834,GEMALLA,2795,2017,0.007295566297840523
835,GEORGES PLAINS,2795,2017,0.007295566297840523
836,GIDLEY,2340,2017,0.023481717400039195
837,GILEAD,2560,2017,0.0030650514511660785
838,GILMANDYKE,2795,2017,0.007295566297840523
839,GLANMIRE,2795,2017,0.007295566297840523
840,GLEN ALPINE,2560,2017,0.0030650514511660785
841,GLENDON,2330,2017,0.009215355142930069
842,GLENDON BROOK,2330,2017,0.009215355142930069
843,GLENMORE,2570,2017,0.0044404447160803495
844,GLENNIES CREEK,2330,2017,0.009215355142930069
845,GLENRIDDING,2330,2017,0.009215355142930069
846,GOONOO GOONOO,2340,2017,0.023481717400039195
847,GOORANGOOLA,2330,2017,0.009215355142930069
848,GORMANS HILL,2795,2017,0.007295566297840523
849,GOULDSVILLE,2330,2017,0.009215355142930069
850,GOWAN,2795,2017,0.007295566297840523
851,GOWRIE,2340,2017,0.023481717400039195
852,GRASMERE,2570,2017,0.0044404447160803495
853,GREENACRE,2190,2017,0.0016656108286380775
854,GREENLANDS,2330,2017,0.009215355142930069
855,GUNGAL,2333,2017,0.012521036812772527
856,GWANDALAN,2259,2017,0.0011767346981735559
857,GWYNNEVILLE,2500,2017,0.0034531117807145863
858,HALLORAN,2259,2017,0.0011767346981735559
859,HALLSVILLE,2340,2017,0.023481717400039195
860,HAMBLEDON HILL,2330,2017,0.009215355142930069
861,HAMLYN TERRACE,2259,2017,0.0011767346981735559
862,HAMMONDVILLE,2170,2017,0.0018556667769877818
863,HANGING ROCK,2340,2017,0.023481717400039195
864,HEBDEN,2330,2017,0.009215355142930069
865,HEXHAM,2322,2017,0.0013731110743158581
866,HILLVUE,2340,2017,0.023481717400039195
867,HOBBYS YARDS,2795,2017,0.007295566297840523
868,HOWES VALLEY,2330,2017,0.009215355142930069
869,HOWICK,2330,2017,0.009215355142930069
870,HUNTERVIEW,2330,2017,0.009215355142930069
871,HUNTINGWOOD,2148,2017,0.003033654459214539
872,ISABELLA,2795,2017,0.007295566297840523
873,JEREMY,2795,2017,0.007295566297840523
874,JERRYS PLAINS,2330,2017,0.009215355142930069
875,JILLIBY,2259,2017,0.0011767346981735559
876,JUDDS CREEK,2795,2017,0.007295566297840523
877,KANWAL,2259,2017,0.0011767346981735559
878,KAYUGA,2333,2017,0.012521036812772527
879,KEEPIT,2340,2017,0.023481717400039195
880,KEIRAVILLE,2500,2017,0.0034531117807145863
881,KELSO,2795,2017,0.007295566297840523
882,KENTLYN,2560,2017,0.0030650514511660785
883,KIAR,2259,2017,0.0011767346981735559
884,KILLONGBUTTA,2795,2017,0.007295566297840523
885,KINGFISHER SHORES,2259,2017,0.0011767346981735559
886,KINGS PARK,2148,2017,0.003033654459214539
887,KINGSWOOD,2340,2017,0.023481717400039195
888,KIRKCONNELL,2795,2017,0.007295566297840523
889,KIRKHAM,2570,2017,0.0044404447160803495
890,KOORAGANG,2304,2017,0.003272341155492664
891,LAFFING WATERS,2795,2017,0.007295566297840523
892,LAKE MUNMORAH,2259,2017,0.0011767346981735559
893,LEMINGTON,2330,2017,0.009215355142930069
894,LEMON TREE,2259,2017,0.0011767346981735559
895,LENAGHAN,2322,2017,0.0013731110743158581
896,LEUMEAH,2560,2017,0.0030650514511660785
897,LIDDELL,2333,2017,0.012521036812772527
898,LIMEKILNS,2795,2017,0.007295566297840523
899,LITTLE JILLIBY,2259,2017,0.0011767346981735559
900,LIVERPOOL,2170,2017,0.0018556667769877818
901,LLANARTH,2795,2017,0.007295566297840523
902,LOCKSLEY,2795,2017,0.007295566297840523
903,LONG POINT,2330,2017,0.009215355142930069
904,LOOMBERAH,2340,2017,0.023481717400039195
905,LURNEA,2170,2017,0.0018556667769877818
906,MAISON DIEU,2330,2017,0.009215355142930069
907,MANGERTON,2500,2017,0.0034531117807145863
908,MANNERING PARK,2259,2017,0.0011767346981735559
909,MANOBALAI,2333,2017,0.012521036812772527
910,MARAYONG,2148,2017,0.003033654459214539
911,MARDI,2259,2017,0.0011767346981735559
912,MARYLAND,2287,2017,0.004231542131341177
913,MAYFIELD,2304,2017,0.003272341155492664
914,MAYFIELD EAST,2304,2017,0.003272341155492664
915,MAYFIELD NORTH,2304,2017,0.003272341155492664
916,MAYFIELD WEST,2304,2017,0.003272341155492664
917,MCCULLYS GAP,2333,2017,0.012521036812772527
918,MCDOUGALLS HILL,2330,2017,0.009215355142930069
919,MEADOW FLAT,2795,2017,0.007295566297840523
920,MERRIWA,2329,2017,0.032207687470953275
921,MIDDLE FALBROOK,2330,2017,0.009215355142930069
922,MILBRODALE,2330,2017,0.009215355142930069
923,MILKERS FLAT,2795,2017,0.007295566297840523
924,MILLAH MURRAH,2795,2017,0.007295566297840523
925,MINMI,2287,2017,0.004231542131341177
926,MIRANNIE,2330,2017,0.009215355142930069
927,MITCHELL,2795,2017,0.007295566297840523
928,MITCHELLS FLAT,2330,2017,0.009215355142930069
929,MOONEE,2259,2017,0.0011767346981735559
930,MOORE CREEK,2340,2017,0.023481717400039195
931,MOOREBANK,2170,2017,0.0018556667769877818
932,MOORILDA,2795,2017,0.007295566297840523
933,MOUNT DAVID,2795,2017,0.007295566297840523
934,MOUNT HUNTER,2570,2017,0.0044404447160803495
935,MOUNT KEIRA,2500,2017,0.0034531117807145863
936,MOUNT LEWIS,2190,2017,0.0016656108286380775
937,MOUNT OLIVE,2330,2017,0.009215355142930069
938,MOUNT PANORAMA,2795,2017,0.007295566297840523
939,MOUNT PRITCHARD,2170,2017,0.0018556667769877818
940,MOUNT RANKIN,2795,2017,0.007295566297840523
941,MOUNT ROYAL,2330,2017,0.009215355142930069
942,MOUNT SAINT THOMAS,2500,2017,0.0034531117807145863
943,MOUNT THORLEY,2330,2017,0.009215355142930069
944,MUSCLE CREEK,2333,2017,0.012521036812772527
945,MUSWELLBROOK,2333,2017,0.012521036812772527
946,NAPOLEON REEF,2795,2017,0.007295566297840523
947,NATTAI,2570,2017,0.0044404447160803495
948,NEMINGHA,2340,2017,0.023481717400039195
949,NEWBRIDGE,2795,2017,0.007295566297840523
950,NORTH TAMWORTH,2340,2017,0.023481717400039195
951,NORTH WOLLONGONG,2500,2017,0.0034531117807145863
952,NUNDLE,2340,2017,0.023481717400039195
953,O'CONNELL,2795,2017,0.007295566297840523
954,OAKDALE,2570,2017,0.0044404447160803495
955,OBANVALE,2330,2017,0.009215355142930069
956,OGUNBIL,2340,2017,0.023481717400039195
957,ORAN PARK,2570,2017,0.0044404447160803495
958,ORANGEVILLE,2570,2017,0.0044404447160803495
959,ORTON PARK,2795,2017,0.007295566297840523
960,OXLEY VALE,2340,2017,0.023481717400039195
961,PALING YARDS,2795,2017,0.007295566297840523
962,PALMERS OAKY,2795,2017,0.007295566297840523
963,PEEL,2795,2017,0.007295566297840523
964,PERTHVILLE,2795,2017,0.007295566297840523
965,PHEASANTS NEST,2574,2017,0.007157427717927403
966,PIALLAMORE,2340,2017,0.023481717400039195
967,POINT WOLSTONCROFT,2259,2017,0.0011767346981735559
968,PRESTONS,2170,2017,0.0018556667769877818
969,PROSPECT,2148,2017,0.003033654459214539
970,PUTTY,2330,2017,0.009215355142930069
971,RAGLAN,2795,2017,0.007295566297840523
972,RANKIN PARK,2287,2017,0.004231542131341177
973,RAVENSDALE,2259,2017,0.0011767346981735559
974,RAVENSWORTH,2330,2017,0.009215355142930069
975,REDBOURNBERRY,2330,2017,0.009215355142930069
976,REEDY CREEK,2330,2017,0.009215355142930069
977,RIXS CREEK,2330,2017,0.009215355142930069
978,ROBIN HILL,2795,2017,0.007295566297840523
979,ROCK FOREST,2795,2017,0.007295566297840523
980,ROCKLEY,2795,2017,0.007295566297840523
981,ROCKLEY MOUNT,2795,2017,0.007295566297840523
982,ROCKY POINT,2259,2017,0.0011767346981735559
983,ROSEMEADOW,2560,2017,0.0030650514511660785
984,ROUGHIT,2330,2017,0.009215355142930069
985,ROZELLE,2039,2017,0.0014410904815042043
986,RUSE,2560,2017,0.0030650514511660785
987,SANDGATE,2304,2017,0.003272341155492664
988,SANDY HOLLOW,2333,2017,0.012521036812772527
989,SCOTTS FLAT,2330,2017,0.009215355142930069
990,SEDGEFIELD,2330,2017,0.009215355142930069
991,SINGLETON,2330,2017,0.009215355142930069
992,SINGLETON HEIGHTS,2330,2017,0.009215355142930069
993,SOFALA,2795,2017,0.007295566297840523
994,SOMERTON,2340,2017,0.023481717400039195
995,SOUTH BATHURST,2795,2017,0.007295566297840523
996,SOUTH TAMWORTH,2340,2017,0.023481717400039195
997,SPRING FARM,2570,2017,0.0044404447160803495
998,SPRING HILL,2500,2017,0.0034531117807145863
999,ST CLAIR,2330,2017,0.009215355142930069
1000,ST HELENS PARK,2560,2017,0.0030650514511660785
1001,STEWARTS MOUNT,2795,2017,0.007295566297840523
1002,STOCKRINGTON,2322,2017,0.0013731110743158581
1003,SUMMERLAND POINT,2259,2017,0.0011767346981735559
1004,SUNNY CORNER,2795,2017,0.007295566297840523
1005,TACOMA,2259,2017,0.0011767346981735559
1006,TACOMA SOUTH,2259,2017,0.0011767346981735559
1007,TAMINDA,2340,2017,0.023481717400039195
1008,TAMWORTH,2340,2017,0.023481717400039195
1009,TAMWORTH SOUTH,2340,2017,0.023481717400039195
1010,TANNAS MOUNT,2795,2017,0.007295566297840523
1011,TARRO,2322,2017,0.0013731110743158581
1012,THE LAGOON,2795,2017,0.007295566297840523
1013,THE OAKS,2570,2017,0.0044404447160803495
1014,THE ROCKS,2795,2017,0.007295566297840523
1015,THERESA PARK,2570,2017,0.0044404447160803495
1016,THORNTON,2322,2017,0.0013731110743158581
1017,TIMBUMBURI,2340,2017,0.023481717400039195
1018,TOMAGO,2322,2017,0.0013731110743158581
1019,TRIANGLE FLAT,2795,2017,0.007295566297840523
1020,TRUNKEY CREEK,2795,2017,0.007295566297840523
1021,TUGGERAH,2259,2017,0.0011767346981735559
1022,TUGGERAWONG,2259,2017,0.0011767346981735559
1023,TURONDALE,2795,2017,0.007295566297840523
1024,TWENTY FORESTS,2795,2017,0.007295566297840523
1025,UARBRY,2329,2017,0.032207687470953275
1026,UNDERCLIFFE,2206,2017,0.0019590365303391753
1027,UPPER TURON,2795,2017,0.007295566297840523
1028,WADALBA,2259,2017,0.0011767346981735559
1029,WALANG,2795,2017,0.007295566297840523
1030,WALLAMORE,2340,2017,0.023481717400039195
1031,WALLARAH,2259,2017,0.0011767346981735559
1032,WALLSEND,2287,2017,0.004231542131341177
1033,WALLSEND SOUTH,2287,2017,0.004231542131341177
1034,WAMBOOL,2795,2017,0.007295566297840523
1035,WARABROOK,2304,2017,0.003272341155492664
1036,WARKWORTH,2330,2017,0.009215355142930069
1037,WARNERVALE,2259,2017,0.0011767346981735559
1038,WARRAL,2340,2017,0.023481717400039195
1039,WARWICK FARM,2170,2017,0.0018556667769877818
1040,WATANOBBI,2259,2017,0.0011767346981735559
1041,WATTLE FLAT,2795,2017,0.007295566297840523
1042,WATTLE PONDS,2330,2017,0.009215355142930069
1043,WATTON,2795,2017,0.007295566297840523
1044,WEABONGA,2340,2017,0.023481717400039195
1045,WEDDERBURN,2560,2017,0.0030650514511660785
1046,WEROMBI,2570,2017,0.0044404447160803495
1047,WEST BATHURST,2795,2017,0.007295566297840523
1048,WEST TAMWORTH,2340,2017,0.023481717400039195
1049,WEST WOLLONGONG,2500,2017,0.0034531117807145863
1050,WESTBROOK,2330,2017,0.009215355142930069
1051,WESTDALE,2340,2017,0.023481717400039195
1052,WHITE ROCK,2795,2017,0.007295566297840523
1053,WHITTINGHAM,2330,2017,0.009215355142930069
1054,WIAGDON,2795,2017,0.007295566297840523
1055,WIMBLEDON,2795,2017,0.007295566297840523
1056,WINBURNDALE,2795,2017,0.007295566297840523
1057,WINDRADYNE,2795,2017,0.007295566297840523
1058,WISEMANS CREEK,2795,2017,0.007295566297840523
1059,WOLLEMI,2330,2017,0.009215355142930069
1060,WOLLONGONG,2500,2017,0.0034531117807145863
1061,WOODBERRY,2322,2017,0.0013731110743158581
1062,WOODBINE,2560,2017,0.0030650514511660785
1063,WOOLOMIN,2340,2017,0.023481717400039195
1064,WOONGARRAH,2259,2017,0.0011767346981735559
1065,WYBONG,2333,2017,0.012521036812772527
1066,WYBUNG,2259,2017,0.0011767346981735559
1067,WYEE,2259,2017,0.0011767346981735559
1068,WYEE POINT,2259,2017,0.0011767346981735559
1069,WYLIES FLAT,2330,2017,0.009215355142930069
1070,WYONG,2259,2017,0.0011767346981735559
1071,WYONG CREEK,2259,2017,0.0011767346981735559
1072,WYONGAH,2259,2017,0.0011767346981735559
1073,YANDERRA,2574,2017,0.007157427717927403
1074,YARRAMALONG,2259,2017,0.0011767346981735559
1075,YARRAS,2795,2017,0.007295566297840523
1076,YETHOLME,2795,2017,0.007295566297840523
1077,ABERCROMBIE,2795,2018,0.00969824474195208
1078,ABERCROMBIE RIVER,2795,2018,0.00969824474195208
1079,ABERDEEN,2359,2018,0.009936860866121286
1080,AIRDS,2560,2018,0.0035128147284060308
1081,ALISON,2259,2018,0.0011888213720959574
1082,AMBARVALE,2560,2018,0.0035128147284060308
1083,APPIN,2560,2018,0.0035128147284060308
1084,APPLEBY,2340,2018,0.028569910211504724
1085,APPLETREE FLAT,2330,2018,0.010974694537878932
1086,ARKELL,2795,2018,0.00969824474195208
1087,ARKSTONE,2795,2018,0.00969824474195208
1088,ARNDELL PARK,2148,2018,0.003402054689998725
1089,AVON,2574,2018,0.007925705782975261
1090,BAERAMI,2333,2018,0.015768002026118933
1091,BAERAMI CREEK,2333,2018,0.015768002026118933
1092,BAKERS CREEK,2359,2018,0.009936860866121286
1093,BALD RIDGE,2795,2018,0.00969824474195208
1094,BALLYROE,2795,2018,0.00969824474195208
1095,BARGO,2574,2018,0.007925705782975261
1096,BARRY,2340,2018,0.028569910211504724
1097,BATHAMPTON,2795,2018,0.00969824474195208
1098,BATHURST,2795,2018,0.00969824474195208
1099,BECTIVE,2340,2018,0.028569910211504724
1100,BELIMBLA PARK,2570,2018,0.00488052518120391
1101,BENGALLA,2333,2018,0.015768002026118933
1102,BERESFIELD,2322,2018,0.001488320878914412
1103,BICKLEY VALE,2570,2018,0.00488052518120391
1104,BIG RIDGE,2330,2018,0.010974694537878932
1105,BILLYWILLINGA,2795,2018,0.00969824474195208
1106,BIRMINGHAM GARDENS,2287,2018,0.004321438964623328
1107,BITHRAMERE,2340,2018,0.028569910211504724
1108,BLACK HILL,2322,2018,0.001488320878914412
1109,BLACKTOWN,2148,2018,0.003402054689998725
1110,BLAIR ATHOL,2560,2018,0.0035128147284060308
1111,BORAMBIL,2329,2018,0.04344441547908701
1112,BOWLING ALLEY POINT,2340,2018,0.028569910211504724
1113,BOWMANS CREEK,2330,2018,0.010974694537878932
1114,BRADBURY,2560,2018,0.0035128147284060308
1115,BREWONGLE,2795,2018,0.00969824474195208
1116,BRIDGMAN,2330,2018,0.010974694537878932
1117,BROKE,2330,2018,0.010974694537878932
1118,BROWNLOW HILL,2570,2018,0.00488052518120391
1119,BRUINBUN,2795,2018,0.00969824474195208
1120,BULGA,2330,2018,0.010974694537878932
1121,BUNDARRA,2359,2018,0.009936860866121286
1122,BURRAGA,2795,2018,0.00969824474195208
1123,BUSHELLS RIDGE,2259,2018,0.0011888213720959574
1124,CALALA,2340,2018,0.028569910211504724
1125,CALOOLA,2795,2018,0.00969824474195208
1126,CAMBERWELL,2330,2018,0.010974694537878932
1127,CAMDEN,2570,2018,0.00488052518120391
1128,CAMDEN PARK,2570,2018,0.00488052518120391
1129,CAMDEN SOUTH,2570,2018,0.00488052518120391
1130,CAMERONS CREEK,2359,2018,0.009936860866121286
1131,CAMPBELLTOWN,2560,2018,0.0035128147284060308
1132,CARROLL,2340,2018,0.028569910211504724
1133,CARROWBROOK,2330,2018,0.010974694537878932
1134,CASSILIS,2329,2018,0.04344441547908701
1135,CASTLE ROCK,2333,2018,0.015768002026118933
1136,CASULA,2170,2018,0.0021059178214587315
1137,CATARACT,2560,2018,0.0035128147284060308
1138,CAWDOR,2570,2018,0.00488052518120391
1139,CEDAR BRUSH CREEK,2259,2018,0.0011888213720959574
1140,CHAIN VALLEY BAY,2259,2018,0.0011888213720959574
1141,CHARLES STURT UNIVERSITY,2795,2018,0.00969824474195208
1142,CHARLTON,2795,2018,0.00969824474195208
1143,CHIPPING NORTON,2170,2018,0.0021059178214587315
1144,CHISHOLM,2322,2018,0.001488320878914412
1145,CHULLORA,2190,2018,0.001527185413193146
1146,CLEAR CREEK,2795,2018,0.00969824474195208
1147,CLEMTON PARK,2206,2018,0.0020763142498822777
1148,CLYDESDALE,2330,2018,0.010974694537878932
1149,COBBITTY,2570,2018,0.00488052518120391
1150,COLO,2795,2018,0.00969824474195208
1151,COMBO,2330,2018,0.010974694537878932
1152,CONISTON,2500,2018,0.003679340694243612
1153,COPPERHANNIA,2795,2018,0.00969824474195208
1154,COW FLAT,2795,2018,0.00969824474195208
1155,CRANGAN BAY,2259,2018,0.0011888213720959574
1156,CRUDINE,2795,2018,0.00969824474195208
1157,CURRAGH,2795,2018,0.00969824474195208
1158,DARK CORNER,2795,2018,0.00969824474195208
1159,DARLINGTON,2330,2018,0.010974694537878932
1160,DARUKA,2340,2018,0.028569910211504724
1161,DOG ROCKS,2795,2018,0.00969824474195208
1162,DOORALONG,2259,2018,0.0011888213720959574
1163,DOYLES CREEK,2330,2018,0.010974694537878932
1164,DUNCANS CREEK,2340,2018,0.028569910211504724
1165,DUNGOWAN,2340,2018,0.028569910211504724
1166,DUNKELD,2795,2018,0.00969824474195208
1167,DUNOLLY,2330,2018,0.010974694537878932
1168,DURAL,2330,2018,0.010974694537878932
1169,DURAMANA,2795,2018,0.00969824474195208
1170,DURREN DURREN,2259,2018,0.0011888213720959574
1171,DYRRING,2330,2018,0.010974694537878932
1172,EARLWOOD,2206,2018,0.0020763142498822777
1173,EAST TAMWORTH,2340,2018,0.028569910211504724
1174,EDDERTON,2333,2018,0.015768002026118933
1175,EGLINTON,2795,2018,0.00969824474195208
1176,ELDERSLIE,2570,2018,0.00488052518120391
1177,ELERMORE VALE,2287,2018,0.004321438964623328
1178,ELLIS LANE,2570,2018,0.00488052518120391
1179,ENGLORIE PARK,2560,2018,0.0035128147284060308
1180,EVANS PLAINS,2795,2018,0.00969824474195208
1181,FALBROOK,2330,2018,0.010974694537878932
1182,FERN GULLY,2330,2018,0.010974694537878932
1183,FITZGERALDS VALLEY,2795,2018,0.00969824474195208
1184,FLETCHER,2287,2018,0.004321438964623328
1185,FORDWICH,2330,2018,0.010974694537878932
1186,FOREST GROVE,2795,2018,0.00969824474195208
1187,FOSTERS VALLEY,2795,2018,0.00969824474195208
1188,FRAZER PARK,2259,2018,0.0011888213720959574
1189,FREEMANS,2259,2018,0.0011888213720959574
1190,FREEMANTLE,2795,2018,0.00969824474195208
1191,GARLAND VALLEY,2330,2018,0.010974694537878932
1192,GAROO,2340,2018,0.028569910211504724
1193,GEMALLA,2795,2018,0.00969824474195208
1194,GEORGES PLAINS,2795,2018,0.00969824474195208
1195,GIDLEY,2340,2018,0.028569910211504724
1196,GILEAD,2560,2018,0.0035128147284060308
1197,GILMANDYKE,2795,2018,0.00969824474195208
1198,GLANMIRE,2795,2018,0.00969824474195208
1199,GLEN ALPINE,2560,2018,0.0035128147284060308
1200,GLENDON,2330,2018,0.010974694537878932
1201,GLENDON BROOK,2330,2018,0.010974694537878932
1202,GLENMORE,2570,2018,0.00488052518120391
1203,GLENNIES CREEK,2330,2018,0.010974694537878932
1204,GLENRIDDING,2330,2018,0.010974694537878932
1205,GOONOO GOONOO,2340,2018,0.028569910211504724
1206,GOORANGOOLA,2330,2018,0.010974694537878932
1207,GORMANS HILL,2795,2018,0.00969824474195208
1208,GOULDSVILLE,2330,2018,0.010974694537878932
1209,GOWAN,2795,2018,0.00969824474195208
1210,GOWRIE,2340,2018,0.028569910211504724
1211,GRASMERE,2570,2018,0.00488052518120391
1212,GREENACRE,2190,2018,0.001527185413193146
1213,GREENLANDS,2330,2018,0.010974694537878932
1214,GUNGAL,2333,2018,0.015768002026118933
1215,GWANDALAN,2259,2018,0.0011888213720959574
1216,GWYNNEVILLE,2500,2018,0.003679340694243612
1217,HALLORAN,2259,2018,0.0011888213720959574
1218,HALLSVILLE,2340,2018,0.028569910211504724
1219,HAMBLEDON HILL,2330,2018,0.010974694537878932
1220,HAMLYN TERRACE,2259,2018,0.0011888213720959574
1221,HAMMONDVILLE,2170,2018,0.0021059178214587315
1222,HANGING ROCK,2340,2018,0.028569910211504724
1223,HEBDEN,2330,2018,0.010974694537878932
1224,HEXHAM,2322,2018,0.001488320878914412
1225,HILLVUE,2340,2018,0.028569910211504724
1226,HOBBYS YARDS,2795,2018,0.00969824474195208
1227,HOWES VALLEY,2330,2018,0.010974694537878932
1228,HOWICK,2330,2018,0.010974694537878932
1229,HUNTERVIEW,2330,2018,0.010974694537878932
1230,HUNTINGWOOD,2148,2018,0.003402054689998725
1231,ISABELLA,2795,2018,0.00969824474195208
1232,JEREMY,2795,2018,0.00969824474195208
1233,JERRYS PLAINS,2330,2018,0.010974694537878932
1234,JILLIBY,2259,2018,0.0011888213720959574
1235,JUDDS CREEK,2795,2018,0.00969824474195208
1236,KANWAL,2259,2018,0.0011888213720959574
1237,KAYUGA,2333,2018,0.015768002026118933
1238,KEEPIT,2340,2018,0.028569910211504724
1239,KEIRAVILLE,2500,2018,0.003679340694243612
1240,KELSO,2795,2018,0.00969824474195208
1241,KENTLYN,2560,2018,0.0035128147284060308
1242,KIAR,2259,2018,0.0011888213720959574
1243,KILLONGBUTTA,2795,2018,0.00969824474195208
1244,KINGFISHER SHORES,2259,2018,0.0011888213720959574
1245,KINGS PARK,2148,2018,0.003402054689998725
1246,KINGSWOOD,2340,2018,0.028569910211504724
1247,KIRKCONNELL,2795,2018,0.00969824474195208
1248,KIRKHAM,2570,2018,0.00488052518120391
1249,KOORAGANG,2304,2018,0.0036393959029157306
1250,LAFFING WATERS,2795,2018,0.00969824474195208
1251,LAKE MUNMORAH,2259,2018,0.0011888213720959574
1252,LEMINGTON,2330,2018,0.010974694537878932
1253,LEMON TREE,2259,2018,0.0011888213720959574
1254,LENAGHAN,2322,2018,0.001488320878914412
1255,LEUMEAH,2560,2018,0.0035128147284060308
1256,LIDDELL,2333,2018,0.015768002026118933
1257,LIMEKILNS,2795,2018,0.00969824474195208
1258,LITTLE JILLIBY,2259,2018,0.0011888213720959574
1259,LIVERPOOL,2170,2018,0.0021059178214587315
1260,LLANARTH,2795,2018,0.00969824474195208
1261,LOCKSLEY,2795,2018,0.00969824474195208
1262,LONG POINT,2330,2018,0.010974694537878932
1263,LOOMBERAH,2340,2018,0.028569910211504724
1264,LURNEA,2170,2018,0.0021059178214587315
1265,MAISON DIEU,2330,2018,0.010974694537878932
1266,MANGERTON,2500,2018,0.003679340694243612
1267,MANNERING PARK,2259,2018,0.0011888213720959574
1268,MANOBALAI,2333,2018,0.015768002026118933
1269,MARAYONG,2148,2018,0.003402054689998725
1270,MARDI,2259,2018,0.0011888213720959574
1271,MARYLAND,2287,2018,0.004321438964623328
1272,MAYFIELD,2304,2018,0.0036393959029157306
1273,MAYFIELD EAST,2304,2018,0.0036393959029157306
1274,MAYFIELD NORTH,2304,2018,0.0036393959029157306
1275,MAYFIELD WEST,2304,2018,0.0036393959029157306
1276,MCCULLYS GAP,2333,2018,0.015768002026118933
1277,MCDOUGALLS HILL,2330,2018,0.010974694537878932
1278,MEADOW FLAT,2795,2018,0.00969824474195208
1279,MERRIWA,2329,2018,0.04344441547908701
1280,MIDDLE FALBROOK,2330,2018,0.010974694537878932
1281,MILBRODALE,2330,2018,0.010974694537878932
1282,MILKERS FLAT,2795,2018,0.00969824474195208
1283,MILLAH MURRAH,2795,2018,0.00969824474195208
1284,MINMI,2287,2018,0.004321438964623328
1285,MIRANNIE,2330,2018,0.010974694537878932
1286,MITCHELL,2795,2018,0.00969824474195208
1287,MITCHELLS FLAT,2330,2018,0.010974694537878932
1288,MOONEE,2259,2018,0.0011888213720959574
1289,MOORE CREEK,2340,2018,0.028569910211504724
1290,MOOREBANK,2170,2018,0.0021059178214587315
1291,MOORILDA,2795,2018,0.00969824474195208
1292,MOUNT DAVID,2795,2018,0.00969824474195208
1293,MOUNT HUNTER,2570,2018,0.00488052518120391
1294,MOUNT KEIRA,2500,2018,0.003679340694243612
1295,MOUNT LEWIS,2190,2018,0.001527185413193146
1296,MOUNT OLIVE,2330,2018,0.010974694537878932
1297,MOUNT PANORAMA,2795,2018,0.00969824474195208
1298,MOUNT PRITCHARD,2170,2018,0.0021059178214587315
1299,MOUNT RANKIN,2795,2018,0.00969824474195208
1300,MOUNT ROYAL,2330,2018,0.010974694537878932
1301,MOUNT SAINT THOMAS,2500,2018,0.003679340694243612
1302,MOUNT THORLEY,2330,2018,0.010974694537878932
1303,MUSCLE CREEK,2333,2018,0.015768002026118933
1304,MUSWELLBROOK,2333,2018,0.015768002026118933
1305,NAPOLEON REEF,2795,2018,0.00969824474195208
1306,NATTAI,2570,2018,0.00488052518120391
1307,NEMINGHA,2340,2018,0.028569910211504724
1308,NEWBRIDGE,2795,2018,0.00969824474195208
1309,NORTH TAMWORTH,2340,2018,0.028569910211504724
1310,NORTH WOLLONGONG,2500,2018,0.003679340694243612
1311,NUNDLE,2340,2018,0.028569910211504724
1312,O'CONNELL,2795,2018,0.00969824474195208
1313,OAKDALE,2570,2018,0.00488052518120391
1314,OBANVALE,2330,2018,0.010974694537878932
1315,OGUNBIL,2340,2018,0.028569910211504724
1316,ORAN PARK,2570,2018,0.00488052518120391
1317,ORANGEVILLE,2570,2018,0.00488052518120391
1318,ORTON PARK,2795,2018,0.00969824474195208
1319,OXLEY VALE,2340,2018,0.028569910211504724
1320,PALING YARDS,2795,2018,0.00969824474195208
1321,PALMERS OAKY,2795,2018,0.00969824474195208
1322,PEEL,2795,2018,0.00969824474195208
1323,PERTHVILLE,2795,2018,0.00969824474195208
1324,PHEASANTS NEST,2574,2018,0.007925705782975261
1325,PIALLAMORE,2340,2018,0.028569910211504724
1326,POINT WOLSTONCROFT,2259,2018,0.0011888213720959574
1327,PRESTONS,2170,2018,0.0021059178214587315
1328,PROSPECT,2148,2018,0.003402054689998725
1329,PUTTY,2330,2018,0.010974694537878932
1330,RAGLAN,2795,2018,0.00969824474195208
1331,RANKIN PARK,2287,2018,0.004321438964623328
1332,RAVENSDALE,2259,2018,0.0011888213720959574
1333,RAVENSWORTH,2330,2018,0.010974694537878932
1334,REDBOURNBERRY,2330,2018,0.010974694537878932
1335,REEDY CREEK,2330,2018,0.010974694537878932
1336,RIXS CREEK,2330,2018,0.010974694537878932
1337,ROBIN HILL,2795,2018,0.00969824474195208
1338,ROCK FOREST,2795,2018,0.00969824474195208
1339,ROCKLEY,2795,2018,0.00969824474195208
1340,ROCKLEY MOUNT,2795,2018,0.00969824474195208
1341,ROCKY POINT,2259,2018,0.0011888213720959574
1342,ROSEMEADOW,2560,2018,0.0035128147284060308
1343,ROUGHIT,2330,2018,0.010974694537878932
1344,ROZELLE,2039,2018,0.0014899354256717255
1345,RUSE,2560,2018,0.0035128147284060308
1346,SANDGATE,2304,2018,0.0036393959029157306
1347,SANDY HOLLOW,2333,2018,0.015768002026118933
1348,SCOTTS FLAT,2330,2018,0.010974694537878932
1349,SEDGEFIELD,2330,2018,0.010974694537878932
1350,SINGLETON,2330,2018,0.010974694537878932
1351,SINGLETON HEIGHTS,2330,2018,0.010974694537878932
1352,SOFALA,2795,2018,0.00969824474195208
1353,SOMERTON,2340,2018,0.028569910211504724
1354,SOUTH BATHURST,2795,2018,0.00969824474195208
1355,SOUTH TAMWORTH,2340,2018,0.028569910211504724
1356,SPRING FARM,2570,2018,0.00488052518120391
1357,SPRING HILL,2500,2018,0.003679340694243612
1358,ST CLAIR,2330,2018,0.010974694537878932
1359,ST HELENS PARK,2560,2018,0.0035128147284060308
1360,STEWARTS MOUNT,2795,2018,0.00969824474195208
1361,STOCKRINGTON,2322,2018,0.001488320878914412
1362,SUMMERLAND POINT,2259,2018,0.0011888213720959574
1363,SUNNY CORNER,2795,2018,0.00969824474195208
1364,TACOMA,2259,2018,0.0011888213720959574
1365,TACOMA SOUTH,2259,2018,0.0011888213720959574
1366,TAMINDA,2340,2018,0.028569910211504724
1367,TAMWORTH,2340,2018,0.028569910211504724
1368,TAMWORTH SOUTH,2340,2018,0.028569910211504724
1369,TANNAS MOUNT,2795,2018,0.00969824474195208
1370,TARRO,2322,2018,0.001488320878914412
1371,THE LAGOON,2795,2018,0.00969824474195208
1372,THE OAKS,2570,2018,0.00488052518120391
1373,THE ROCKS,2795,2018,0.00969824474195208
1374,THERESA PARK,2570,2018,0.00488052518120391
1375,THORNTON,2322,2018,0.001488320878914412
1376,TIMBUMBURI,2340,2018,0.028569910211504724
1377,TOMAGO,2322,2018,0.001488320878914412
1378,TRIANGLE FLAT,2795,2018,0.00969824474195208
1379,TRUNKEY CREEK,2795,2018,0.00969824474195208
1380,TUGGERAH,2259,2018,0.0011888213720959574
1381,TUGGERAWONG,2259,2018,0.0011888213720959574
1382,TURONDALE,2795,2018,0.00969824474195208
1383,TWENTY FORESTS,2795,2018,0.00969824474195208
1384,UARBRY,2329,2018,0.04344441547908701
1385,UNDERCLIFFE,2206,2018,0.0020763142498822777
1386,UPPER TURON,2795,2018,0.00969824474195208
1387,WADALBA,2259,2018,0.0011888213720959574
1388,WALANG,2795,2018,0.00969824474195208
1389,WALLAMORE,2340,2018,0.028569910211504724
1390,WALLARAH,2259,2018,0.0011888213720959574
1391,WALLSEND,2287,2018,0.004321438964623328
1392,WALLSEND SOUTH,2287,2018,0.004321438964623328
1393,WAMBOOL,2795,2018,0.00969824474195208
1394,WARABROOK,2304,2018,0.0036393959029157306
1395,WARKWORTH,2330,2018,0.010974694537878932
1396,WARNERVALE,2259,2018,0.0011888213720959574
1397,WARRAL,2340,2018,0.028569910211504724
1398,WARWICK FARM,2170,2018,0.0021059178214587315
1399,WATANOBBI,2259,2018,0.0011888213720959574
1400,WATTLE FLAT,2795,2018,0.00969824474195208
1401,WATTLE PONDS,2330,2018,0.010974694537878932
1402,WATTON,2795,2018,0.00969824474195208
1403,WEABONGA,2340,2018,0.028569910211504724
1404,WEDDERBURN,2560,2018,0.0035128147284060308
1405,WEROMBI,2570,2018,0.00488052518120391
1406,WEST BATHURST,2795,2018,0.00969824474195208
1407,WEST TAMWORTH,2340,2018,0.028569910211504724
1408,WEST WOLLONGONG,2500,2018,0.003679340694243612
1409,WESTBROOK,2330,2018,0.010974694537878932
1410,WESTDALE,2340,2018,0.028569910211504724
1411,WHITE ROCK,2795,2018,0.00969824474195208
1412,WHITTINGHAM,2330,2018,0.010974694537878932
1413,WIAGDON,2795,2018,0.00969824474195208
1414,WIMBLEDON,2795,2018,0.00969824474195208
1415,WINBURNDALE,2795,2018,0.00969824474195208
1416,WINDRADYNE,2795,2018,0.00969824474195208
1417,WISEMANS CREEK,2795,2018,0.00969824474195208
1418,WOLLEMI,2330,2018,0.010974694537878932
1419,WOLLONGONG,2500,2018,0.003679340694243612
1420,WOODBERRY,2322,2018,0.001488320878914412
1421,WOODBINE,2560,2018,0.0035128147284060308
1422,WOOLOMIN,2340,2018,0.028569910211504724
1423,WOONGARRAH,2259,2018,0.0011888213720959574
1424,WYBONG,2333,2018,0.015768002026118933
1425,WYBUNG,2259,2018,0.0011888213720959574
1426,WYEE,2259,2018,0.0011888213720959574
1427,WYEE POINT,2259,2018,0.0011888213720959574
1428,WYLIES FLAT,2330,2018,0.010974694537878932
1429,WYONG,2259,2018,0.0011888213720959574
1430,WYONG CREEK,2259,2018,0.0011888213720959574
1431,WYONGAH,2259,2018,0.0011888213720959574
1432,YANDERRA,2574,2018,0.007925705782975261
1433,YARRAMALONG,2259,2018,0.0011888213720959574
1434,YARRAS,2795,2018,0.00969824474195208
1435,YETHOLME,2795,2018,0.00969824474195208
1436,ABERCROMBIE,2795,2019,0.015244181522348693
1437,ABERCROMBIE RIVER,2795,2019,0.015244181522348693
1438,ABERDEEN,2359,2019,0.013110795262956795
1439,AIRDS,2560,2019,0.005333427169778744
1440,ALISON,2259,2019,0.001768454947342118
1441,AMBARVALE,2560,2019,0.005333427169778744
1442,APPIN,2560,2019,0.005333427169778744
1443,APPLEBY,2340,2019,0.05110445901325844
1444,APPLETREE FLAT,2330,2019,0.014300366058725434
1445,ARKELL,2795,2019,0.015244181522348693
1446,ARKSTONE,2795,2019,0.015244181522348693
1447,ARNDELL PARK,2148,2019,0.005508339273656947
1448,AVON,2574,2019,0.014753375050163862
1449,BAERAMI,2333,2019,0.020614221861980253
1450,BAERAMI CREEK,2333,2019,0.020614221861980253
1451,BAKERS CREEK,2359,2019,0.013110795262956795
1452,BALD RIDGE,2795,2019,0.015244181522348693
1453,BALLYROE,2795,2019,0.015244181522348693
1454,BARGO,2574,2019,0.014753375050163862
1455,BARRY,2340,2019,0.05110445901325844
1456,BATHAMPTON,2795,2019,0.015244181522348693
1457,BATHURST,2795,2019,0.015244181522348693
1458,BECTIVE,2340,2019,0.05110445901325844
1459,BELIMBLA PARK,2570,2019,0.008918123365345174
1460,BENGALLA,2333,2019,0.020614221861980253
1461,BERESFIELD,2322,2019,0.0020733602623816357
1462,BICKLEY VALE,2570,2019,0.008918123365345174
1463,BIG RIDGE,2330,2019,0.014300366058725434
1464,BILLYWILLINGA,2795,2019,0.015244181522348693
1465,BIRMINGHAM GARDENS,2287,2019,0.005970573253399161
1466,BITHRAMERE,2340,2019,0.05110445901325844
1467,BLACK HILL,2322,2019,0.0020733602623816357
1468,BLACKTOWN,2148,2019,0.005508339273656947
1469,BLAIR ATHOL,2560,2019,0.005333427169778744
1470,BORAMBIL,2329,2019,0.06301850029618097
1471,BOWLING ALLEY POINT,2340,2019,0.05110445901325844
1472,BOWMANS CREEK,2330,2019,0.014300366058725434
1473,BRADBURY,2560,2019,0.005333427169778744
1474,BREWONGLE,2795,2019,0.015244181522348693
1475,BRIDGMAN,2330,2019,0.014300366058725434
1476,BROKE,2330,2019,0.014300366058725434
1477,BROWNLOW HILL,2570,2019,0.008918123365345174
1478,BRUINBUN,2795,2019,0.015244181522348693
1479,BULGA,2330,2019,0.014300366058725434
1480,BUNDARRA,2359,2019,0.013110795262956795
1481,BURRAGA,2795,2019,0.015244181522348693
1482,BUSHELLS RIDGE,2259,2019,0.001768454947342118
1483,CALALA,2340,2019,0.05110445901325844
1484,CALOOLA,2795,2019,0.015244181522348693
1485,CAMBERWELL,2330,2019,0.014300366058725434
1486,CAMDEN,2570,2019,0.008918123365345174
1487,CAMDEN PARK,2570,2019,0.008918123365345174
1488,CAMDEN SOUTH,2570,2019,0.008918123365345174
1489,CAMERONS CREEK,2359,2019,0.013110795262956795
1490,CAMPBELLTOWN,2560,2019,0.005333427169778744
1491,CARROLL,2340,2019,0.05110445901325844
1492,CARROWBROOK,2330,2019,0.014300366058725434
1493,CASSILIS,2329,2019,0.06301850029618097
1494,CASTLE ROCK,2333,2019,0.020614221861980253
1495,CASULA,2170,2019,0.003034256568729207
1496,CATARACT,2560,2019,0.005333427169778744
1497,CAWDOR,2570,2019,0.008918123365345174
1498,CEDAR BRUSH CREEK,2259,2019,0.001768454947342118
1499,CHAIN VALLEY BAY,2259,2019,0.001768454947342118
1500,CHARLES STURT UNIVERSITY,2795,2019,0.015244181522348693
1501,CHARLTON,2795,2019,0.015244181522348693
1502,CHIPPING NORTON,2170,2019,0.003034256568729207
1503,CHISHOLM,2322,2019,0.0020733602623816357
1504,CHULLORA,2190,2019,0.0021622877194874468
1505,CLEAR CREEK,2795,2019,0.015244181522348693
1506,CLEMTON PARK,2206,2019,0.0029217159462040826
1507,CLYDESDALE,2330,2019,0.014300366058725434
1508,COBBITTY,2570,2019,0.008918123365345174
1509,COLO,2795,2019,0.015244181522348693
1510,COMBO,2330,2019,0.014300366058725434
1511,CONISTON,2500,2019,0.004764056120862952
1512,COPPERHANNIA,2795,2019,0.015244181522348693
1513,COW FLAT,2795,2019,0.015244181522348693
1514,CRANGAN BAY,2259,2019,0.001768454947342118
1515,CRUDINE,2795,2019,0.015244181522348693
1516,CURRAGH,2795,2019,0.015244181522348693
1517,DARK CORNER,2795,2019,0.015244181522348693
1518,DARLINGTON,2330,2019,0.014300366058725434
1519,DARUKA,2340,2019,0.05110445901325844
1520,DOG ROCKS,2795,2019,0.015244181522348693
1521,DOORALONG,2259,2019,0.001768454947342118
1522,DOYLES CREEK,2330,2019,0.014300366058725434
1523,DUNCANS CREEK,2340,2019,0.05110445901325844
1524,DUNGOWAN,2340,2019,0.05110445901325844
1525,DUNKELD,2795,2019,0.015244181522348693
1526,DUNOLLY,2330,2019,0.014300366058725434
1527,DURAL,2330,2019,0.014300366058725434
1528,DURAMANA,2795,2019,0.015244181522348693
1529,DURREN DURREN,2259,2019,0.001768454947342118
1530,DYRRING,2330,2019,0.014300366058725434
1531,EARLWOOD,2206,2019,0.0029217159462040826
1532,EAST TAMWORTH,2340,2019,0.05110445901325844
1533,EDDERTON,2333,2019,0.020614221861980253
1534,EGLINTON,2795,2019,0.015244181522348693
1535,ELDERSLIE,2570,2019,0.008918123365345174
1536,ELERMORE VALE,2287,2019,0.005970573253399161
1537,ELLIS LANE,2570,2019,0.008918123365345174
1538,ENGLORIE PARK,2560,2019,0.005333427169778744
1539,EVANS PLAINS,2795,2019,0.015244181522348693
1540,FALBROOK,2330,2019,0.014300366058725434
1541,FERN GULLY,2330,2019,0.014300366058725434
1542,FITZGERALDS VALLEY,2795,2019,0.015244181522348693
1543,FLETCHER,2287,2019,0.005970573253399161
1544,FORDWICH,2330,2019,0.014300366058725434
1545,FOREST GROVE,2795,2019,0.015244181522348693
1546,FOSTERS VALLEY,2795,2019,0.015244181522348693
1547,FRAZER PARK,2259,2019,0.001768454947342118
1548,FREEMANS,2259,2019,0.001768454947342118
1549,FREEMANTLE,2795,2019,0.015244181522348693
1550,GARLAND VALLEY,2330,2019,0.014300366058725434
1551,GAROO,2340,2019,0.05110445901325844
1552,GEMALLA,2795,2019,0.015244181522348693
1553,GEORGES PLAINS,2795,2019,0.015244181522348693
1554,GIDLEY,2340,2019,0.05110445901325844
1555,GILEAD,2560,2019,0.005333427169778744
1556,GILMANDYKE,2795,2019,0.015244181522348693
1557,GLANMIRE,2795,2019,0.015244181522348693
1558,GLEN ALPINE,2560,2019,0.005333427169778744
1559,GLENDON,2330,2019,0.014300366058725434
1560,GLENDON BROOK,2330,2019,0.014300366058725434
1561,GLENMORE,2570,2019,0.008918123365345174
1562,GLENNIES CREEK,2330,2019,0.014300366058725434
1563,GLENRIDDING,2330,2019,0.014300366058725434
1564,GOONOO GOONOO,2340,2019,0.05110445901325844
1565,GOORANGOOLA,2330,2019,0.014300366058725434
1566,GORMANS HILL,2795,2019,0.015244181522348693
1567,GOULDSVILLE,2330,2019,0.014300366058725434
1568,GOWAN,2795,2019,0.015244181522348693
1569,GOWRIE,2340,2019,0.05110445901325844
1570,GRASMERE,2570,2019,0.008918123365345174
1571,GREENACRE,2190,2019,0.0021622877194874468
1572,GREENLANDS,2330,2019,0.014300366058725434
1573,GUNGAL,2333,2019,0.020614221861980253
1574,GWANDALAN,2259,2019,0.001768454947342118
1575,GWYNNEVILLE,2500,2019,0.004764056120862952
1576,HALLORAN,2259,2019,0.001768454947342118
1577,HALLSVILLE,2340,2019,0.05110445901325844
1578,HAMBLEDON HILL,2330,2019,0.014300366058725434
1579,HAMLYN TERRACE,2259,2019,0.001768454947342118
1580,HAMMONDVILLE,2170,2019,0.003034256568729207
1581,HANGING ROCK,2340,2019,0.05110445901325844
1582,HEBDEN,2330,2019,0.014300366058725434
1583,HEXHAM,2322,2019,0.0020733602623816357
1584,HILLVUE,2340,2019,0.05110445901325844
1585,HOBBYS YARDS,2795,2019,0.015244181522348693
1586,HOWES VALLEY,2330,2019,0.014300366058725434
1587,HOWICK,2330,2019,0.014300366058725434
1588,HUNTERVIEW,2330,2019,0.014300366058725434
1589,HUNTINGWOOD,2148,2019,0.005508339273656947
1590,ISABELLA,2795,2019,0.015244181522348693
1591,JEREMY,2795,2019,0.015244181522348693
1592,JERRYS PLAINS,2330,2019,0.014300366058725434
1593,JILLIBY,2259,2019,0.001768454947342118
1594,JUDDS CREEK,2795,2019,0.015244181522348693
1595,KANWAL,2259,2019,0.001768454947342118
1596,KAYUGA,2333,2019,0.020614221861980253
1597,KEEPIT,2340,2019,0.05110445901325844
1598,KEIRAVILLE,2500,2019,0.004764056120862952
1599,KELSO,2795,2019,0.015244181522348693
1600,KENTLYN,2560,2019,0.005333427169778744
1601,KIAR,2259,2019,0.001768454947342118
1602,KILLONGBUTTA,2795,2019,0.015244181522348693
1603,KINGFISHER SHORES,2259,2019,0.001768454947342118
1604,KINGS PARK,2148,2019,0.005508339273656947
1605,KINGSWOOD,2340,2019,0.05110445901325844
1606,KIRKCONNELL,2795,2019,0.015244181522348693
1607,KIRKHAM,2570,2019,0.008918123365345174
1608,KOORAGANG,2304,2019,0.0042577515374441375
1609,LAFFING WATERS,2795,2019,0.015244181522348693
1610,LAKE MUNMORAH,2259,2019,0.001768454947342118
1611,LEMINGTON,2330,2019,0.014300366058725434
1612,LEMON TREE,2259,2019,0.001768454947342118
1613,LENAGHAN,2322,2019,0.0020733602623816357
1614,LEUMEAH,2560,2019,0.005333427169778744
1615,LIDDELL,2333,2019,0.020614221861980253
1616,LIMEKILNS,2795,2019,0.015244181522348693
1617,LITTLE JILLIBY,2259,2019,0.001768454947342118
1618,LIVERPOOL,2170,2019,0.003034256568729207
1619,LLANARTH,2795,2019,0.015244181522348693
1620,LOCKSLEY,2795,2019,0.015244181522348693
1621,LONG POINT,2330,2019,0.014300366058725434
1622,LOOMBERAH,2340,2019,0.05110445901325844
1623,LURNEA,2170,2019,0.003034256568729207
1624,MAISON DIEU,2330,2019,0.014300366058725434
1625,MANGERTON,2500,2019,0.004764056120862952
1626,MANNERING PARK,2259,2019,0.001768454947342118
1627,MANOBALAI,2333,2019,0.020614221861980253
1628,MARAYONG,2148,2019,0.005508339273656947
1629,MARDI,2259,2019,0.001768454947342118
1630,MARYLAND,2287,2019,0.005970573253399161
1631,MAYFIELD,2304,2019,0.0042577515374441375
1632,MAYFIELD EAST,2304,2019,0.0042577515374441375
1633,MAYFIELD NORTH,2304,2019,0.0042577515374441375
1634,MAYFIELD WEST,2304,2019,0.0042577515374441375
1635,MCCULLYS GAP,2333,2019,0.020614221861980253
1636,MCDOUGALLS HILL,2330,2019,0.014300366058725434
1637,MEADOW FLAT,2795,2019,0.015244181522348693
1638,MERRIWA,2329,2019,0.06301850029618097
1639,MIDDLE FALBROOK,2330,2019,0.014300366058725434
1640,MILBRODALE,2330,2019,0.014300366058725434
1641,MILKERS FLAT,2795,2019,0.015244181522348693
1642,MILLAH MURRAH,2795,2019,0.015244181522348693
1643,MINMI,2287,2019,0.005970573253399161
1644,MIRANNIE,2330,2019,0.014300366058725434
1645,MITCHELL,2795,2019,0.015244181522348693
1646,MITCHELLS FLAT,2330,2019,0.014300366058725434
1647,MOONEE,2259,2019,0.001768454947342118
1648,MOORE CREEK,2340,2019,0.05110445901325844
1649,MOOREBANK,2170,2019,0.003034256568729207
1650,MOORILDA,2795,2019,0.015244181522348693
1651,MOUNT DAVID,2795,2019,0.015244181522348693
1652,MOUNT HUNTER,2570,2019,0.008918123365345174
1653,MOUNT KEIRA,2500,2019,0.004764056120862952
1654,MOUNT LEWIS,2190,2019,0.0021622877194874468
1655,MOUNT OLIVE,2330,2019,0.014300366058725434
1656,MOUNT PANORAMA,2795,2019,0.015244181522348693
1657,MOUNT PRITCHARD,2170,2019,0.003034256568729207
1658,MOUNT RANKIN,2795,2019,0.015244181522348693
1659,MOUNT ROYAL,2330,2019,0.014300366058725434
1660,MOUNT SAINT THOMAS,2500,2019,0.004764056120862952
1661,MOUNT THORLEY,2330,2019,0.014300366058725434
1662,MUSCLE CREEK,2333,2019,0.020614221861980253
1663,MUSWELLBROOK,2333,2019,0.020614221861980253
1664,NAPOLEON REEF,2795,2019,0.015244181522348693
1665,NATTAI,2570,2019,0.008918123365345174
1666,NEMINGHA,2340,2019,0.05110445901325844
1667,NEWBRIDGE,2795,2019,0.015244181522348693
1668,NORTH TAMWORTH,2340,2019,0.05110445901325844
1669,NORTH WOLLONGONG,2500,2019,0.004764056120862952
1670,NUNDLE,2340,2019,0.05110445901325844
1671,O'CONNELL,2795,2019,0.015244181522348693
1672,OAKDALE,2570,2019,0.008918123365345174
1673,OBANVALE,2330,2019,0.014300366058725434
1674,OGUNBIL,2340,2019,0.05110445901325844
1675,ORAN PARK,2570,2019,0.008918123365345174
1676,ORANGEVILLE,2570,2019,0.008918123365345174
1677,ORTON PARK,2795,2019,0.015244181522348693
1678,OXLEY VALE,2340,2019,0.05110445901325844
1679,PALING YARDS,2795,2019,0.015244181522348693
1680,PALMERS OAKY,2795,2019,0.015244181522348693
1681,PEEL,2795,2019,0.015244181522348693
1682,PERTHVILLE,2795,2019,0.015244181522348693
1683,PHEASANTS NEST,2574,2019,0.014753375050163862
1684,PIALLAMORE,2340,2019,0.05110445901325844
1685,POINT WOLSTONCROFT,2259,2019,0.001768454947342118
1686,PRESTONS,2170,2019,0.003034256568729207
1687,PROSPECT,2148,2019,0.005508339273656947
1688,PUTTY,2330,2019,0.014300366058725434
1689,RAGLAN,2795,2019,0.015244181522348693
1690,RANKIN PARK,2287,2019,0.005970573253399161
1691,RAVENSDALE,2259,2019,0.001768454947342118
1692,RAVENSWORTH,2330,2019,0.014300366058725434
1693,REDBOURNBERRY,2330,2019,0.014300366058725434
1694,REEDY CREEK,2330,2019,0.014300366058725434
1695,RIXS CREEK,2330,2019,0.014300366058725434
1696,ROBIN HILL,2795,2019,0.015244181522348693
1697,ROCK FOREST,2795,2019,0.015244181522348693
1698,ROCKLEY,2795,2019,0.015244181522348693
1699,ROCKLEY MOUNT,2795,2019,0.015244181522348693
1700,ROCKY POINT,2259,2019,0.001768454947342118
1701,ROSEMEADOW,2560,2019,0.005333427169778744
1702,ROUGHIT,2330,2019,0.014300366058725434
1703,ROZELLE,2039,2019,0.0023620191564003826
1704,RUSE,2560,2019,0.005333427169778744
1705,SANDGATE,2304,2019,0.0042577515374441375
1706,SANDY HOLLOW,2333,2019,0.020614221861980253
1707,SCOTTS FLAT,2330,2019,0.014300366058725434
1708,SEDGEFIELD,2330,2019,0.014300366058725434
1709,SINGLETON,2330,2019,0.014300366058725434
1710,SINGLETON HEIGHTS,2330,2019,0.014300366058725434
1711,SOFALA,2795,2019,0.015244181522348693
1712,SOMERTON,2340,2019,0.05110445901325844
1713,SOUTH BATHURST,2795,2019,0.015244181522348693
1714,SOUTH TAMWORTH,2340,2019,0.05110445901325844
1715,SPRING FARM,2570,2019,0.008918123365345174
1716,SPRING HILL,2500,2019,0.004764056120862952
1717,ST CLAIR,2330,2019,0.014300366058725434
1718,ST HELENS PARK,2560,2019,0.005333427169778744
1719,STEWARTS MOUNT,2795,2019,0.015244181522348693
1720,STOCKRINGTON,2322,2019,0.0020733602623816357
1721,SUMMERLAND POINT,2259,2019,0.001768454947342118
1722,SUNNY CORNER,2795,2019,0.015244181522348693
1723,TACOMA,2259,2019,0.001768454947342118
1724,TACOMA SOUTH,2259,2019,0.001768454947342118
1725,TAMINDA,2340,2019,0.05110445901325844
1726,TAMWORTH,2340,2019,0.05110445901325844
1727,TAMWORTH SOUTH,2340,2019,0.05110445901325844
1728,TANNAS MOUNT,2795,2019,0.015244181522348693
1729,TARRO,2322,2019,0.0020733602623816357
1730,THE LAGOON,2795,2019,0.015244181522348693
1731,THE OAKS,2570,2019,0.008918123365345174
1732,THE ROCKS,2795,2019,0.015244181522348693
1733,THERESA PARK,2570,2019,0.008918123365345174
1734,THORNTON,2322,2019,0.0020733602623816357
1735,TIMBUMBURI,2340,2019,0.05110445901325844
1736,TOMAGO,2322,2019,0.0020733602623816357
1737,TRIANGLE FLAT,2795,2019,0.015244181522348693
1738,TRUNKEY CREEK,2795,2019,0.015244181522348693
1739,TUGGERAH,2259,2019,0.001768454947342118
1740,TUGGERAWONG,2259,2019,0.001768454947342118
1741,TURONDALE,2795,2019,0.015244181522348693
1742,TWENTY FORESTS,2795,2019,0.015244181522348693
1743,UARBRY,2329,2019,0.06301850029618097
1744,UNDERCLIFFE,2206,2019,0.0029217159462040826
1745,UPPER TURON,2795,2019,0.015244181522348693
1746,WADALBA,2259,2019,0.001768454947342118
1747,WALANG,2795,2019,0.015244181522348693
1748,WALLAMORE,2340,2019,0.05110445901325844
1749,WALLARAH,2259,2019,0.001768454947342118
1750,WALLSEND,2287,2019,0.005970573253399161
1751,WALLSEND SOUTH,2287,2019,0.005970573253399161
1752,WAMBOOL,2795,2019,0.015244181522348693
1753,WARABROOK,2304,2019,0.0042577515374441375
1754,WARKWORTH,2330,2019,0.014300366058725434
1755,WARNERVALE,2259,2019,0.001768454947342118
1756,WARRAL,2340,2019,0.05110445901325844
1757,WARWICK FARM,2170,2019,0.003034256568729207
1758,WATANOBBI,2259,2019,0.001768454947342118
1759,WATTLE FLAT,2795,2019,0.015244181522348693
1760,WATTLE PONDS,2330,2019,0.014300366058725434
1761,WATTON,2795,2019,0.015244181522348693
1762,WEABONGA,2340,2019,0.05110445901325844
1763,WEDDERBURN,2560,2019,0.005333427169778744
1764,WEROMBI,2570,2019,0.008918123365345174
1765,WEST BATHURST,2795,2019,0.015244181522348693
1766,WEST TAMWORTH,2340,2019,0.05110445901325844
1767,WEST WOLLONGONG,2500,2019,0.004764056120862952
1768,WESTBROOK,2330,2019,0.014300366058725434
1769,WESTDALE,2340,2019,0.05110445901325844
1770,WHITE ROCK,2795,2019,0.015244181522348693
1771,WHITTINGHAM,2330,2019,0.014300366058725434
1772,WIAGDON,2795,2019,0.015244181522348693
1773,WIMBLEDON,2795,2019,0.015244181522348693
1774,WINBURNDALE,2795,2019,0.015244181522348693
1775,WINDRADYNE,2795,2019,0.015244181522348693
1776,WISEMANS CREEK,2795,2019,0.015244181522348693
1777,WOLLEMI,2330,2019,0.014300366058725434
1778,WOLLONGONG,2500,2019,0.004764056120862952
1779,WOODBERRY,2322,2019,0.0020733602623816357
1780,WOODBINE,2560,2019,0.005333427169778744
1781,WOOLOMIN,2340,2019,0.05110445901325844
1782,WOONGARRAH,2259,2019,0.001768454947342118
1783,WYBONG,2333,2019,0.020614221861980253
1784,WYBUNG,2259,2019,0.001768454947342118
1785,WYEE,2259,2019,0.001768454947342118
1786,WYEE POINT,2259,2019,0.001768454947342118
1787,WYLIES FLAT,2330,2019,0.014300366058725434
1788,WYONG,2259,2019,0.001768454947342118
1789,WYONG CREEK,2259,2019,0.001768454947342118
1790,WYONGAH,2259,2019,0.001768454947342118
1791,YANDERRA,2574,2019,0.014753375050163862
1792,YARRAMALONG,2259,2019,0.001768454947342118
1793,YARRAS,2795,2019,0.015244181522348693
1794,YETHOLME,2795,2019,0.015244181522348693
